Date Time,Timestamp,Thermostat Current,Thermostat Set,Thermostat Status,TRV Room-1 Current,TRV Room-1 Set,TRV Room-2 Current,TRV Room-2 Set
2024-05-11 19:20:30,1715451630.491089,21.5,13.0,0,19.0,17.0,,
2024-05-11 19:21:30,1715451690.500878,21.5,13.0,0,19.0,17.0,,
2024-05-11 19:25:09,1715451909.631763,22.0,23.0,1,19.0,17.0,,
2024-05-11 19:26:09,1715451969.623975,22.0,23.0,1,19.0,17.0,,
2024-05-11 19:27:09,1715452029.637456,22.5,23.0,1,19.0,17.0,,
2024-05-11 19:28:09,1715452089.62273,22.5,23.0,1,19.0,17.0,,
2024-05-11 19:29:09,1715452149.634864,22.5,23.0,1,19.0,17.0,,
2024-05-11 19:33:01,1715452381.356239,23.5,23.0,0,19.0,17.0,,
2024-05-11 19:34:01,1715452441.348432,23.5,23.0,0,19.0,17.0,,
2024-05-11 19:35:01,1715452501.354008,23.5,23.0,0,19.0,17.0,,
2024-05-11 19:36:01,1715452561.347325,23.5,23.0,0,19.0,17.0,,
2024-05-11 19:37:01,1715452621.349051,24.0,23.0,0,19.0,17.0,,
2024-05-11 20:39:33,1715456373.77244,27.0,23.0,0,20.0,17.0,,
2024-05-11 20:40:27,1715456427.628071,27.0,23.0,0,20.0,17.0,,
2024-05-11 20:41:28,1715456488.287767,27.0,23.0,0,20.0,17.0,,
2024-05-11 20:42:28,1715456548.977804,27.0,23.0,0,20.0,17.0,,
2024-05-11 20:42:57,1715456577.722383,27.5,23.0,0,20.0,17.0,,
2024-05-11 20:43:58,1715456638.697779,27.5,23.0,0,20.0,17.0,,
2024-05-11 20:44:59,1715456699.458228,27.5,23.0,0,20.0,17.0,,
2024-05-11 20:46:00,1715456760.188169,27.5,23.0,0,20.0,17.0,,
2024-05-11 20:47:01,1715456821.565045,28.0,23.0,0,20.0,17.0,,
2024-05-11 20:48:02,1715456882.283756,28.0,23.0,0,20.0,17.0,,
2024-05-11 20:53:48,1715457228.594166,28.0,23.0,0,20.0,17.0,,
2024-05-11 20:54:36,1715457276.073528,28.0,23.0,0,20.0,17.0,,
2024-05-11 20:55:22,1715457322.64232,28.0,23.0,0,20.0,17.0,,
2024-05-11 20:55:30,1715457330.418723,28.0,23.0,0,20.0,17.0,,
2024-05-11 20:56:05,1715457365.297634,28.0,23.0,0,20.0,17.0,,
2024-05-11 21:00:55,1715457655.268746,28.0,23.0,0,20.0,17.0,,
2024-05-11 21:01:55,1715457715.265886,28.0,23.0,0,20.0,17.0,,
2024-05-11 21:02:55,1715457775.261731,28.0,23.0,0,20.0,17.0,,
2024-05-11 21:03:55,1715457835.260889,28.0,23.0,0,20.0,17.0,,
2024-05-11 21:04:55,1715457895.257802,28.0,23.0,0,20.0,17.0,,
2024-05-11 21:08:51,1715458131.163417,28.0,23.0,0,20.0,17.0,,
2024-05-11 21:09:51,1715458191.173886,28.0,23.0,0,20.0,17.0,,
2024-05-11 21:10:51,1715458251.160543,28.0,23.0,0,20.0,17.0,,
2024-05-11 21:11:51,1715458311.173455,28.0,23.0,0,20.0,17.0,,
2024-05-11 21:12:51,1715458371.168192,28.0,23.0,0,20.0,17.0,,
2024-05-11 21:17:26,1715458646.85288,28.0,23.0,0,20.0,17.0,,
2024-05-11 21:17:29,1715458649.266603,28.0,23.0,0,20.0,17.0,,
2024-05-11 21:17:32,1715458652.111922,28.0,23.0,0,20.0,17.0,,
2024-05-11 21:17:34,1715458654.466586,28.0,23.0,0,20.0,17.0,,
2024-05-11 21:17:36,1715458656.543972,28.0,23.0,0,20.0,17.0,,
2024-05-11 21:17:38,1715458658.519354,28.0,23.0,0,20.0,17.0,,
2024-05-11 21:17:40,1715458660.416063,28.0,23.0,0,20.0,17.0,,
2024-05-11 21:17:42,1715458662.367048,28.0,23.0,0,20.0,17.0,,
2024-05-11 21:17:44,1715458664.449612,28.0,23.0,0,20.0,17.0,,
2024-05-11 21:17:46,1715458666.288015,28.0,23.0,0,20.0,17.0,,
2024-05-11 21:17:48,1715458668.18481,28.0,23.0,0,20.0,17.0,,
2024-05-11 21:17:49,1715458669.994372,28.0,23.0,0,20.0,17.0,,
2024-05-11 21:17:51,1715458671.63359,28.0,23.0,0,20.0,17.0,,
2024-05-11 21:18:23,1715458703.536988,28.0,23.0,0,20.0,17.0,,
2024-05-11 21:22:19,1715458939.890101,28.0,23.0,0,20.0,17.0,,
2024-05-11 21:23:19,1715458999.886902,28.0,23.0,0,20.0,17.0,,
2024-05-11 21:24:19,1715459059.877836,28.0,23.0,0,20.0,17.0,,
2024-05-11 21:25:19,1715459119.8751,28.0,23.0,0,20.0,17.0,,
2024-05-11 21:26:19,1715459179.877727,28.0,23.0,0,20.0,17.0,,
2024-05-11 21:27:19,1715459239.882522,28.0,23.0,0,19.0,17.0,,
2024-05-11 21:28:19,1715459299.880716,28.0,23.0,0,19.0,17.0,,
2024-05-11 21:29:19,1715459359.889845,28.0,23.0,0,19.0,17.0,,
2024-05-11 21:30:19,1715459419.888406,28.0,23.0,0,19.0,17.0,,
2024-05-11 21:31:19,1715459479.882326,28.0,23.0,0,19.0,17.0,,
2024-05-11 21:32:19,1715459539.882783,28.0,23.0,0,19.0,17.0,,
2024-05-11 21:36:04,1715459764.063512,28.0,23.0,0,19.0,17.0,,
2024-05-11 21:37:04,1715459824.064628,28.0,23.0,0,19.0,17.0,,
2024-05-11 21:38:04,1715459884.066674,28.0,23.0,0,19.0,17.0,,
2024-05-11 21:39:04,1715459944.058861,28.0,23.0,0,19.0,17.0,,
2024-05-11 21:41:00,1715460060.880934,28.0,23.0,0,19.0,17.0,,
2024-05-11 21:42:00,1715460120.884697,28.0,23.0,0,19.0,17.0,,
2024-05-11 21:43:00,1715460180.873933,28.0,23.0,0,20.0,17.0,,
2024-05-11 21:44:00,1715460240.871819,28.0,23.0,0,20.0,17.0,,
2024-05-11 21:45:00,1715460300.888484,28.0,23.0,0,20.0,17.0,,
2024-05-11 21:46:00,1715460360.881362,28.0,23.0,0,20.0,17.0,,
2024-05-11 21:47:00,1715460420.877099,28.0,23.0,0,20.0,17.0,,
2024-05-11 21:48:00,1715460480.882024,28.0,23.0,0,20.0,17.0,,
2024-05-11 21:49:00,1715460540.876428,28.0,23.0,0,20.0,17.0,,
2024-05-11 21:50:00,1715460600.880591,28.0,23.0,0,20.0,17.0,,
2024-05-11 21:51:00,1715460660.881174,28.0,23.0,0,20.0,17.0,,
2024-05-11 21:52:00,1715460720.875611,28.0,23.0,0,20.0,17.0,,
2024-05-11 21:53:00,1715460780.87783,28.0,23.0,0,20.0,17.0,,
2024-05-11 21:54:00,1715460840.877228,28.0,23.0,0,20.0,17.0,,
2024-05-11 21:55:00,1715460900.878075,28.0,23.0,0,20.0,17.0,,
2024-05-11 21:56:00,1715460960.885159,28.0,23.0,0,20.0,17.0,,
2024-05-11 21:57:00,1715461020.875598,28.0,23.0,0,20.0,17.0,,
2024-05-11 21:58:00,1715461080.874619,28.0,23.0,0,20.0,17.0,,
2024-05-11 21:59:00,1715461140.881428,28.0,23.0,0,20.0,17.0,,
2024-05-11 22:00:00,1715461200.879906,28.0,23.0,0,20.0,17.0,,
2024-05-11 22:01:00,1715461260.872367,28.0,23.0,0,20.0,17.0,,
2024-05-11 22:02:00,1715461320.881291,28.0,23.0,0,20.0,17.0,,
2024-05-11 22:03:00,1715461380.871412,28.0,23.0,0,20.0,17.0,,
2024-05-11 22:04:00,1715461440.875182,28.0,23.0,0,20.0,17.0,,
2024-05-11 22:05:00,1715461500.877373,28.0,23.0,0,20.0,17.0,,
2024-05-11 22:06:00,1715461560.877952,28.0,30.0,1,20.0,17.0,,
2024-05-11 22:07:00,1715461620.875266,28.0,30.0,1,20.0,17.0,,
2024-05-11 22:08:00,1715461680.878314,28.0,30.0,1,20.0,17.0,,
2024-05-11 22:09:00,1715461740.87942,28.0,30.0,1,20.0,17.0,,
2024-05-11 22:10:00,1715461800.870443,28.0,30.0,1,20.0,17.0,,
2024-05-11 22:11:00,1715461860.871419,28.0,30.0,1,20.0,17.0,,
2024-05-11 22:12:00,1715461920.880997,28.0,30.0,1,20.0,17.0,,
2024-05-11 22:13:00,1715461980.871506,28.0,30.0,1,20.0,17.0,,
2024-05-11 22:14:00,1715462040.881427,28.0,30.0,1,20.0,17.0,,
2024-05-11 22:15:00,1715462100.872069,28.0,30.0,1,20.0,17.0,,
2024-05-11 22:16:00,1715462160.87839,28.0,30.0,1,20.0,17.0,,
2024-05-11 22:17:00,1715462220.874093,28.0,30.0,1,20.0,17.0,,
2024-05-12 22:36:39,1715549799.612826,24.5,30.0,1,19.0,17.0,,
2024-05-12 22:37:39,1715549859.617507,25.0,17.0,0,19.0,13.0,,
2024-05-12 22:38:39,1715549919.619637,25.0,17.0,0,19.0,13.0,,
2024-05-12 22:39:39,1715549979.619397,25.0,17.0,0,19.0,13.0,,
2024-05-12 22:40:39,1715550039.608568,25.0,17.0,0,19.0,13.0,,
2024-05-12 22:41:39,1715550099.61366,25.0,17.0,0,19.0,13.0,,
2024-05-12 22:42:39,1715550159.616609,25.0,17.0,0,19.0,13.0,,
2024-05-12 22:43:39,1715550219.620883,25.5,17.0,0,19.0,13.0,,
2024-05-12 22:44:39,1715550279.608348,25.5,17.0,0,19.0,13.0,,
2024-05-12 22:45:39,1715550339.606099,25.5,17.0,0,19.0,13.0,,
2024-05-12 22:46:39,1715550399.612278,25.5,17.0,0,19.0,13.0,,
2024-05-12 22:47:39,1715550459.61869,25.5,17.0,0,19.0,13.0,,
2024-05-12 22:48:39,1715550519.613485,25.5,17.0,0,19.0,13.0,,
2024-05-12 22:49:39,1715550579.618677,26.0,17.0,0,19.0,13.0,,
2024-05-12 22:50:39,1715550639.607773,26.0,17.0,0,19.0,13.0,,
2024-05-12 22:51:39,1715550699.616002,26.0,17.0,0,19.0,13.0,,
2024-05-12 22:52:39,1715550759.611719,26.0,17.0,0,19.0,13.0,,
2024-05-12 22:53:39,1715550819.609945,26.0,17.0,0,19.0,13.0,,
2024-05-12 22:54:39,1715550879.614209,26.0,17.0,0,18.0,13.0,,
2024-05-12 22:55:39,1715550939.614291,26.0,18.0,0,18.0,17.0,,
2024-05-12 22:56:39,1715550999.610681,26.0,18.0,0,18.0,26.0,,
2024-05-12 22:57:39,1715551059.611562,26.0,18.0,0,18.0,27.0,,
2024-05-12 22:58:39,1715551119.607266,26.0,18.0,0,18.0,27.0,,
2024-05-12 22:59:39,1715551179.618046,26.0,18.0,0,18.0,27.0,,
2024-05-12 23:00:39,1715551239.618088,26.0,18.0,0,18.0,27.0,,
2024-05-12 23:01:39,1715551299.611131,26.0,18.0,0,18.0,27.0,,
2024-05-12 23:02:39,1715551359.606844,26.0,18.0,0,18.0,27.0,,
2024-05-12 23:03:39,1715551419.624006,26.0,18.0,0,18.0,27.0,,
2024-05-12 23:04:39,1715551479.619019,26.0,18.0,0,18.0,27.0,,
2024-05-12 23:05:39,1715551539.615748,26.5,18.0,0,18.0,27.0,,
2024-05-12 23:06:39,1715551599.609175,26.5,18.0,0,18.0,27.0,,
2024-05-12 23:07:39,1715551659.617996,26.5,18.0,0,18.0,27.0,,
2024-05-12 23:08:39,1715551719.608452,26.5,18.0,0,18.0,27.0,,
2024-05-12 23:09:39,1715551779.613396,26.5,18.0,0,18.0,27.0,,
2024-05-12 23:10:39,1715551839.605664,26.5,18.0,0,18.0,27.0,,
2024-05-12 23:11:39,1715551899.613887,26.5,18.0,0,18.0,27.0,,
2024-05-12 23:12:39,1715551959.617836,26.5,18.0,0,18.0,27.0,,
2024-05-12 23:13:39,1715552019.618747,26.5,18.0,0,18.0,27.0,,
2024-05-12 23:14:39,1715552079.612471,26.5,18.0,0,18.0,27.0,,
2024-05-12 23:15:39,1715552139.617758,26.5,18.0,0,18.0,27.0,,
2024-05-12 23:16:39,1715552199.618769,26.5,18.0,0,18.0,27.0,,
2024-05-12 23:17:39,1715552259.621188,26.5,11.0,0,18.0,18.0,,
2024-05-12 23:18:39,1715552319.608897,26.5,11.0,0,18.0,18.0,,
2024-05-12 23:19:39,1715552379.613581,26.5,11.0,0,18.0,18.0,,
2024-05-12 23:20:39,1715552439.613422,26.5,19.0,0,18.0,18.0,,
2024-05-12 23:21:39,1715552499.608061,26.5,19.0,0,18.0,18.0,,
2024-05-12 23:22:39,1715552559.60901,26.5,19.0,0,18.0,18.0,,
2024-05-12 23:23:39,1715552619.620758,26.5,19.0,0,18.0,18.0,,
2024-05-12 23:24:39,1715552679.617913,26.5,19.0,0,18.0,18.0,,
2024-05-12 23:25:39,1715552739.610233,26.5,19.0,0,18.0,18.0,,
2024-05-12 23:26:39,1715552799.620487,26.5,19.0,0,18.0,18.0,,
2024-05-12 23:27:39,1715552859.617158,26.5,19.0,0,18.0,18.0,,
2024-05-12 23:28:39,1715552919.625771,26.5,19.0,0,18.0,18.0,,
2024-05-12 23:29:39,1715552979.606403,26.5,19.0,0,18.0,18.0,,
2024-05-12 23:30:39,1715553039.607795,26.5,19.0,0,18.0,18.0,,
2024-05-12 23:31:39,1715553099.615488,26.5,19.0,0,18.0,18.0,,
2024-05-12 23:32:39,1715553159.60998,26.5,19.0,0,18.0,18.0,,
2024-05-12 23:33:39,1715553219.61739,26.5,19.0,0,18.0,18.0,,
2024-05-12 23:34:39,1715553279.610484,26.5,19.0,0,18.0,18.0,,
2024-05-12 23:35:39,1715553339.612354,26.5,19.0,0,18.0,18.0,,
2024-05-12 23:36:39,1715553399.618834,26.5,19.0,0,18.0,18.0,,
2024-05-12 23:37:39,1715553459.619812,26.5,19.0,0,18.0,18.0,,
2024-05-12 23:38:39,1715553519.619572,26.5,19.0,0,18.0,18.0,,
2024-05-12 23:39:39,1715553579.611393,26.5,19.0,0,18.0,18.0,,
2024-05-12 23:40:39,1715553639.61518,26.5,19.0,0,18.0,18.0,,
2024-05-12 23:41:39,1715553699.609454,26.5,19.0,0,18.0,18.0,,
2024-05-12 23:42:39,1715553759.614286,26.5,19.0,0,18.0,18.0,,
2024-05-12 23:43:39,1715553819.611914,26.5,19.0,0,18.0,18.0,,
2024-05-12 23:44:39,1715553879.617443,26.5,19.0,0,18.0,18.0,,
2024-05-12 23:45:39,1715553939.621353,26.5,19.0,0,18.0,18.0,,
2024-05-12 23:46:39,1715553999.610567,26.5,19.0,0,18.0,18.0,,
2024-05-12 23:47:39,1715554059.618679,26.5,19.0,0,18.0,18.0,,
2024-05-12 23:48:39,1715554119.613155,26.5,19.0,0,18.0,18.0,,
2024-05-12 23:49:39,1715554179.620096,26.5,19.0,0,18.0,18.0,,
2024-05-12 23:50:39,1715554239.607639,26.5,19.0,0,18.0,18.0,,
2024-05-12 23:51:39,1715554299.620667,26.5,19.0,0,18.0,18.0,,
2024-05-12 23:52:39,1715554359.60626,26.5,19.0,0,18.0,18.0,,
2024-05-12 23:53:39,1715554419.610026,26.5,19.0,0,18.0,18.0,,
2024-05-12 23:54:39,1715554479.613292,26.5,19.0,0,18.0,18.0,,
2024-05-12 23:55:39,1715554539.621251,26.5,19.0,0,18.0,18.0,,
2024-05-12 23:56:39,1715554599.616419,26.5,19.0,0,18.0,18.0,,
2024-05-12 23:57:39,1715554659.621142,26.5,19.0,0,18.0,18.0,,
2024-05-12 23:58:39,1715554719.614173,26.5,19.0,0,18.0,18.0,,
2024-05-12 23:59:39,1715554779.617555,26.5,19.0,0,18.0,18.0,,
2024-05-13 00:00:39,1715554839.607039,26.5,19.0,0,18.0,18.0,,
2024-05-13 00:01:39,1715554899.62091,26.5,19.0,0,18.0,18.0,,
2024-05-13 00:02:39,1715554959.616836,26.5,19.0,0,18.0,18.0,,
2024-05-13 00:03:39,1715555019.615077,26.5,19.0,0,18.0,18.0,,
2024-05-13 00:04:39,1715555079.620841,26.5,19.0,0,18.0,18.0,,
2024-05-13 00:05:39,1715555139.612824,26.5,19.0,0,18.0,18.0,,
2024-05-13 00:06:39,1715555199.619861,26.5,19.0,0,18.0,18.0,,
2024-05-13 00:07:39,1715555259.618939,26.0,19.0,0,18.0,18.0,,
2024-05-13 00:08:39,1715555319.613883,26.0,19.0,0,18.0,18.0,,
2024-05-13 00:09:39,1715555379.614671,26.0,19.0,0,18.0,18.0,,
2024-05-13 00:10:39,1715555439.607394,26.0,19.0,0,18.0,18.0,,
2024-05-13 00:11:39,1715555499.606622,26.0,19.0,0,18.0,18.0,,
2024-05-13 00:12:39,1715555559.610589,26.0,19.0,0,18.0,18.0,,
2024-05-13 00:13:39,1715555619.616081,26.0,19.0,0,18.0,18.0,,
2024-05-13 00:14:39,1715555679.615094,26.0,19.0,0,18.0,18.0,,
2024-05-13 00:15:39,1715555739.608673,26.0,19.0,0,18.0,18.0,,
2024-05-13 00:16:39,1715555799.618716,26.0,19.0,0,18.0,18.0,,
2024-06-05 00:11:46,1717542706.090711,26.0,19.0,0,17.0,18.0,,
2024-06-05 00:12:46,1717542766.095438,26.0,19.0,0,17.0,18.0,,
2024-06-05 00:13:46,1717542826.10271,26.0,19.0,0,17.0,18.0,,
2024-06-05 00:14:46,1717542886.095173,26.0,19.0,0,17.0,18.0,,
2024-06-05 00:15:46,1717542946.097055,26.0,19.0,0,17.0,18.0,,
2024-06-05 00:16:46,1717543006.09427,26.0,19.0,0,17.0,18.0,,
2024-06-05 00:17:46,1717543066.101545,26.0,19.0,0,17.0,18.0,,
2024-06-05 00:18:46,1717543126.096715,26.0,19.0,0,17.0,18.0,,
2024-06-05 00:19:46,1717543186.093625,26.0,19.0,0,17.0,18.0,,
2024-06-05 00:20:46,1717543246.099329,26.0,19.0,0,17.0,18.0,,
2024-06-05 00:21:46,1717543306.095731,26.0,19.0,0,17.0,18.0,,
2024-06-05 00:22:46,1717543366.086532,26.0,19.0,0,17.0,18.0,,
2024-06-05 00:23:46,1717543426.100782,26.0,19.0,0,17.0,18.0,,
2024-06-05 00:24:46,1717543486.097372,26.0,19.0,0,17.0,18.0,,
2024-06-05 00:25:46,1717543546.091474,26.0,19.0,0,17.0,18.0,,
2024-06-07 13:20:42,1717762842.215675,26.0,19.0,0,17.0,18.0,,
2024-06-07 13:21:42,1717762902.217817,26.0,19.0,0,17.0,18.0,,
2024-06-07 13:22:42,1717762962.213122,26.0,19.0,0,17.0,18.0,,
2024-06-07 13:23:31,1717763011.551314,26.0,19.0,0,17.0,18.0,,
2024-06-07 13:23:36,1717763016.552421,26.0,19.0,0,17.0,18.0,,
2024-06-07 13:23:41,1717763021.55652,26.0,19.0,0,17.0,18.0,,
2024-06-07 14:08:07,1717765687.993824,26.0,19.0,0,17.0,18.0,,
2024-06-07 14:08:12,1717765692.993408,26.0,19.0,0,17.0,18.0,,
2024-06-07 14:08:17,1717765697.986708,26.0,19.0,0,17.0,18.0,,
2024-06-07 14:08:22,1717765702.992394,26.0,19.0,0,17.0,18.0,,
2024-06-07 14:08:27,1717765707.989337,26.0,19.0,0,17.0,18.0,,
2024-06-07 14:13:50,1717766030.526945,26.0,19.0,0,17.0,18.0,,
2024-06-07 14:13:55,1717766035.516656,26.0,19.0,0,17.0,18.0,,
2024-06-07 14:14:00,1717766040.524112,26.0,19.0,0,17.0,18.0,,
2024-06-07 14:14:55,1717766095.76885,26.0,19.0,0,17.0,18.0,,
2024-06-07 14:15:00,1717766100.77014,26.0,19.0,0,17.0,18.0,,
2024-06-07 14:15:05,1717766105.778607,26.0,19.0,0,17.0,18.0,,
2024-06-07 14:15:10,1717766110.772771,26.0,19.0,0,17.0,18.0,,
2024-06-07 14:15:15,1717766115.761491,26.0,19.0,0,17.0,18.0,,
2024-06-07 14:15:20,1717766120.770055,26.0,19.0,0,17.0,18.0,,
2024-06-07 14:15:25,1717766125.763127,26.0,19.0,0,17.0,18.0,,
2024-06-07 14:16:26,1717766186.843634,26.0,19.0,0,17.0,18.0,,
2024-06-07 14:16:31,1717766191.84119,26.0,19.0,0,17.0,18.0,,
2024-06-07 14:16:36,1717766196.847813,26.0,19.0,0,17.0,18.0,,
2024-06-07 14:16:41,1717766201.853499,26.0,19.0,0,17.0,18.0,,
2024-06-07 14:16:46,1717766206.852761,26.0,19.0,0,17.0,18.0,,
2024-06-07 14:16:51,1717766211.841016,26.0,19.0,0,17.0,18.0,,
2024-06-07 14:16:56,1717766216.849626,26.0,19.0,0,17.0,18.0,,
2024-06-07 14:17:01,1717766221.849297,26.0,19.0,0,17.0,18.0,,
2024-06-07 14:17:06,1717766226.851214,26.0,19.0,0,17.0,18.0,,
2024-06-07 14:17:11,1717766231.854829,26.0,19.0,0,17.0,18.0,,
2024-06-07 14:17:16,1717766236.850696,26.0,19.0,0,17.0,18.0,,
2024-06-07 14:17:21,1717766241.844885,26.0,19.0,0,17.0,18.0,,
2024-06-07 14:17:26,1717766246.850983,26.0,19.0,0,17.0,18.0,,
2024-06-07 14:17:31,1717766251.856912,26.0,19.0,0,17.0,18.0,,
2024-06-07 14:17:36,1717766256.851437,26.0,19.0,0,17.0,18.0,,
2024-06-07 14:17:41,1717766261.849227,26.0,19.0,0,17.0,18.0,,
2024-06-07 14:17:46,1717766266.841801,26.0,19.0,0,17.0,18.0,,
2024-06-07 14:17:51,1717766271.850549,26.0,19.0,0,17.0,18.0,,
2024-06-07 14:17:56,1717766276.851059,26.0,19.0,0,17.0,18.0,,
2024-06-07 14:18:01,1717766281.846155,26.0,19.0,0,17.0,18.0,,
2024-06-07 14:18:06,1717766286.852273,26.0,19.0,0,17.0,18.0,,
2024-06-07 14:18:11,1717766291.84765,26.0,19.0,0,17.0,18.0,,
2024-06-07 14:18:16,1717766296.851912,26.0,19.0,0,17.0,18.0,,
2024-06-07 14:18:21,1717766301.841338,26.0,19.0,0,17.0,18.0,,
2024-06-07 14:18:26,1717766306.8578,26.0,19.0,0,17.0,18.0,,
2024-06-07 14:18:31,1717766311.847153,26.0,19.0,0,17.0,18.0,,
2024-06-07 14:18:36,1717766316.852318,26.0,19.0,0,17.0,18.0,,
2024-06-07 14:18:41,1717766321.852862,26.0,19.0,0,17.0,18.0,,
2024-06-07 14:18:46,1717766326.84683,26.0,19.0,0,17.0,18.0,,
2024-06-07 14:18:51,1717766331.854509,26.0,19.0,0,17.0,18.0,,
2024-06-07 14:18:56,1717766336.853526,26.0,19.0,0,17.0,18.0,,
2024-06-07 14:19:01,1717766341.842713,26.0,19.0,0,17.0,18.0,,
2024-06-07 14:19:06,1717766346.854339,26.0,19.0,0,17.0,18.0,,
2024-06-07 14:19:11,1717766351.841882,26.0,19.0,0,17.0,18.0,,
2024-06-07 14:19:16,1717766356.85215,26.0,19.0,0,17.0,18.0,,
2024-06-07 14:19:21,1717766361.845784,26.0,19.0,0,17.0,18.0,,
2024-06-07 14:19:26,1717766366.853963,26.0,19.0,0,17.0,18.0,,
2024-06-07 14:19:31,1717766371.847571,26.0,19.0,0,17.0,18.0,,
2024-06-07 14:19:36,1717766376.843783,26.0,19.0,0,17.0,18.0,,
2024-06-07 14:19:41,1717766381.853023,26.0,19.0,0,17.0,18.0,,
2024-06-07 14:19:46,1717766386.847161,26.0,19.0,0,17.0,18.0,,
2024-06-07 14:19:51,1717766391.845569,26.0,19.0,0,17.0,18.0,,
2024-06-07 14:19:56,1717766396.856673,26.0,19.0,0,17.0,18.0,,
2024-06-07 14:20:01,1717766401.854647,26.0,19.0,0,17.0,18.0,,
2024-06-07 14:20:06,1717766406.853115,26.0,19.0,0,17.0,18.0,,
2024-06-07 14:20:11,1717766411.852965,26.0,19.0,0,17.0,18.0,,
2024-06-07 14:20:16,1717766416.85506,26.0,19.0,0,17.0,18.0,,
2024-06-07 14:20:21,1717766421.85218,26.0,19.0,0,17.0,18.0,,
2024-06-07 14:20:26,1717766426.852092,26.0,19.0,0,17.0,18.0,,
2024-06-07 14:20:31,1717766431.853335,26.0,19.0,0,17.0,18.0,,
2024-06-07 14:20:36,1717766436.84895,26.0,19.0,0,17.0,18.0,,
2024-06-07 14:20:41,1717766441.850714,26.0,19.0,0,17.0,18.0,,
2024-06-07 14:20:46,1717766446.846325,26.0,19.0,0,17.0,18.0,,
2024-06-07 14:20:51,1717766451.84858,26.0,19.0,0,17.0,18.0,,
2024-06-07 14:20:56,1717766456.854048,26.0,19.0,0,17.0,18.0,,
2024-06-07 14:21:01,1717766461.854496,26.0,19.0,0,17.0,18.0,,
2024-06-07 14:21:06,1717766466.857563,26.0,19.0,0,17.0,18.0,,
2024-06-07 14:21:11,1717766471.857506,26.0,19.0,0,17.0,18.0,,
2024-06-07 14:21:16,1717766476.851041,26.0,19.0,0,17.0,18.0,,
2024-06-07 14:21:21,1717766481.843722,26.0,19.0,0,17.0,18.0,,
2024-06-07 14:21:26,1717766486.850573,26.0,19.0,0,17.0,18.0,,
2024-06-07 14:21:31,1717766491.853772,26.0,19.0,0,17.0,18.0,,
2024-06-07 14:21:36,1717766496.842782,26.0,19.0,0,17.0,18.0,,
2024-06-07 14:21:41,1717766501.848231,26.0,19.0,0,17.0,18.0,,
2024-06-07 14:21:46,1717766506.843775,26.0,19.0,0,17.0,18.0,,
2024-06-07 14:21:51,1717766511.852191,26.0,19.0,0,17.0,18.0,,
2024-06-07 14:21:56,1717766516.854862,26.0,19.0,0,17.0,18.0,,
2024-06-07 14:22:01,1717766521.852293,26.0,19.0,0,17.0,18.0,,
2024-06-07 14:22:06,1717766526.856197,26.0,19.0,0,17.0,18.0,,
2024-06-07 14:22:11,1717766531.845281,26.0,19.0,0,17.0,18.0,,
2024-06-07 14:22:16,1717766536.847221,26.0,19.0,0,17.0,18.0,,
2024-06-07 14:22:21,1717766541.852447,26.0,19.0,0,17.0,18.0,,
2024-06-07 14:22:26,1717766546.84648,26.0,19.0,0,17.0,18.0,,
2024-06-07 14:22:31,1717766551.852734,26.0,19.0,0,17.0,18.0,,
2024-06-07 14:22:36,1717766556.845455,26.0,19.0,0,17.0,18.0,,
2024-06-07 14:22:41,1717766561.85375,26.0,19.0,0,17.0,18.0,,
2024-06-07 14:22:46,1717766566.852779,26.0,19.0,0,17.0,18.0,,
2024-06-07 14:22:51,1717766571.846837,26.0,19.0,0,17.0,18.0,,
2024-06-07 14:22:56,1717766576.853716,26.0,19.0,0,17.0,18.0,,
2024-06-07 14:23:01,1717766581.850701,26.0,19.0,0,17.0,18.0,,
2024-06-07 14:23:06,1717766586.846601,26.0,19.0,0,17.0,18.0,,
2024-06-07 14:23:11,1717766591.842481,26.0,19.0,0,17.0,18.0,,
2024-06-07 14:23:16,1717766596.845367,26.0,19.0,0,17.0,18.0,,
2024-06-07 14:23:21,1717766601.845372,26.0,19.0,0,17.0,18.0,,
2024-06-07 14:23:26,1717766606.857412,26.0,19.0,0,17.0,18.0,,
2024-06-07 14:23:31,1717766611.855342,26.0,19.0,0,17.0,18.0,,
2024-06-07 14:23:36,1717766616.853287,26.0,19.0,0,17.0,18.0,,
2024-06-07 14:23:41,1717766621.847989,26.0,19.0,0,17.0,18.0,,
2024-06-07 14:23:46,1717766626.857656,26.0,19.0,0,17.0,18.0,,
2024-06-07 14:23:51,1717766631.851907,26.0,19.0,0,17.0,18.0,,
2024-06-07 14:23:56,1717766636.843508,26.0,19.0,0,17.0,18.0,,
2024-06-07 14:24:01,1717766641.854925,26.0,19.0,0,17.0,18.0,,
2024-06-07 14:24:06,1717766646.843807,26.0,19.0,0,17.0,18.0,,
2024-06-07 14:24:11,1717766651.851849,26.0,19.0,0,17.0,18.0,,
2024-06-07 14:24:16,1717766656.842111,26.0,19.0,0,17.0,18.0,,
2024-06-07 14:24:21,1717766661.850872,26.0,19.0,0,17.0,18.0,,
2024-06-07 14:24:26,1717766666.846322,26.0,19.0,0,17.0,18.0,,
2024-06-07 14:24:31,1717766671.855131,26.0,19.0,0,17.0,18.0,,
2024-06-07 14:24:36,1717766676.853339,26.0,19.0,0,17.0,18.0,,
2024-06-07 14:24:41,1717766681.843544,26.0,19.0,0,17.0,18.0,,
2024-06-07 14:24:46,1717766686.853318,26.0,19.0,0,17.0,18.0,,
2024-06-07 14:24:51,1717766691.844538,26.0,19.0,0,17.0,18.0,,
2024-06-07 14:24:56,1717766696.857102,26.0,19.0,0,17.0,18.0,,
2024-06-07 14:25:01,1717766701.856348,26.0,19.0,0,17.0,18.0,,
2024-06-07 14:25:06,1717766706.845909,26.0,19.0,0,17.0,18.0,,
2024-06-07 14:25:11,1717766711.856221,26.0,19.0,0,17.0,18.0,,
2024-06-07 14:25:16,1717766716.855901,26.0,19.0,0,17.0,18.0,,
2024-06-07 14:25:21,1717766721.851266,26.0,19.0,0,17.0,18.0,,
2024-06-07 14:25:26,1717766726.844616,26.0,19.0,0,17.0,18.0,,
2024-06-07 14:25:31,1717766731.854711,26.0,19.0,0,17.0,18.0,,
2024-06-07 14:25:36,1717766736.844979,26.0,19.0,0,17.0,18.0,,
2024-06-07 14:25:41,1717766741.848236,26.0,19.0,0,17.0,18.0,,
2024-06-07 14:25:46,1717766746.856787,26.0,19.0,0,17.0,18.0,,
2024-06-07 14:25:51,1717766751.852037,26.0,19.0,0,17.0,18.0,,
2024-06-07 14:25:56,1717766756.847973,26.0,19.0,0,17.0,18.0,,
2024-06-07 14:26:01,1717766761.842111,26.0,19.0,0,17.0,18.0,,
2024-06-07 14:26:06,1717766766.854798,26.0,19.0,0,17.0,18.0,,
2024-06-07 14:26:11,1717766771.845651,26.0,19.0,0,17.0,18.0,,
2024-06-07 14:26:16,1717766776.85062,26.0,19.0,0,17.0,18.0,,
2024-06-07 14:26:21,1717766781.857228,26.0,19.0,0,17.0,18.0,,
2024-06-07 14:26:26,1717766786.856057,26.0,19.0,0,17.0,18.0,,
2024-06-07 14:26:31,1717766791.852121,26.0,19.0,0,17.0,18.0,,
2024-06-07 14:26:36,1717766796.847045,26.0,19.0,0,17.0,18.0,,
2024-06-07 14:26:41,1717766801.843088,26.0,19.0,0,17.0,18.0,,
2024-06-07 14:26:46,1717766806.849711,26.0,19.0,0,17.0,18.0,,
2024-06-07 14:26:51,1717766811.852009,26.0,19.0,0,17.0,18.0,,
2024-06-07 14:26:56,1717766816.842886,26.0,19.0,0,17.0,18.0,,
2024-06-07 14:27:01,1717766821.849403,26.0,19.0,0,17.0,18.0,,
2024-06-07 14:27:06,1717766826.85027,26.0,19.0,0,17.0,18.0,,
2024-06-07 14:27:11,1717766831.843812,26.0,19.0,0,17.0,18.0,,
2024-06-07 14:27:16,1717766836.8591,26.0,19.0,0,17.0,18.0,,
2024-06-07 14:27:21,1717766841.844103,26.0,19.0,0,17.0,18.0,,
2024-06-07 14:27:26,1717766846.853463,26.0,19.0,0,17.0,18.0,,
2024-06-07 14:27:31,1717766851.85412,26.0,19.0,0,17.0,18.0,,
2024-06-07 14:27:36,1717766856.843703,26.0,19.0,0,17.0,18.0,,
2024-06-07 14:27:41,1717766861.850323,26.0,19.0,0,17.0,18.0,,
2024-06-07 14:27:46,1717766866.85639,26.0,19.0,0,17.0,18.0,,
2024-06-07 14:27:51,1717766871.84818,26.0,19.0,0,17.0,18.0,,
2024-06-07 14:27:56,1717766876.846461,26.0,19.0,0,17.0,18.0,,
2024-06-23 00:58:57,1719100737.503208,26.0,19.0,0,17.0,18.0,,
2024-06-23 00:59:02,1719100742.511509,26.0,19.0,0,17.0,18.0,,
2024-06-23 00:59:07,1719100747.501445,26.0,19.0,0,17.0,18.0,,
2024-06-23 00:59:12,1719100752.500391,26.0,19.0,0,17.0,18.0,,
2024-06-23 00:59:17,1719100757.507379,26.0,19.0,0,17.0,18.0,,
2024-06-23 00:59:22,1719100762.504036,26.0,19.0,0,17.0,18.0,,
2024-06-23 00:59:27,1719100767.506379,26.0,19.0,0,17.0,18.0,,
2024-06-23 00:59:32,1719100772.512281,26.0,19.0,0,17.0,18.0,,
2024-06-23 00:59:37,1719100777.507601,26.0,19.0,0,17.0,18.0,,
2024-06-23 00:59:42,1719100782.507226,26.0,19.0,0,17.0,18.0,,
2024-06-23 00:59:47,1719100787.510405,26.0,19.0,0,17.0,18.0,,
2024-06-23 00:59:52,1719100792.501447,26.0,19.0,0,17.0,18.0,,
2024-06-23 00:59:57,1719100797.507283,26.0,19.0,0,17.0,18.0,,
2024-06-23 01:00:02,1719100802.507287,26.0,19.0,0,17.0,18.0,,
2024-06-23 01:00:07,1719100807.510512,26.0,19.0,0,17.0,18.0,,
2024-06-23 01:00:12,1719100812.502547,26.0,19.0,0,17.0,18.0,,
2024-06-23 01:00:17,1719100817.510795,26.0,19.0,0,17.0,18.0,,
2024-06-23 01:00:22,1719100822.502648,26.0,19.0,0,17.0,18.0,,
2024-06-23 01:00:27,1719100827.50653,26.0,19.0,0,17.0,18.0,,
2024-06-23 01:00:32,1719100832.507598,26.0,19.0,0,17.0,18.0,,
2024-06-23 01:00:37,1719100837.508351,26.0,19.0,0,17.0,18.0,,
2024-06-23 01:00:42,1719100842.507401,26.0,19.0,0,17.0,18.0,,
2024-06-23 01:00:47,1719100847.513238,26.0,19.0,0,17.0,18.0,,
2024-06-23 01:00:52,1719100852.505186,26.0,19.0,0,17.0,18.0,,
2024-06-23 01:00:57,1719100857.501348,26.0,19.0,0,17.0,18.0,,
2024-06-23 01:01:02,1719100862.513587,26.0,19.0,0,17.0,18.0,,
2024-06-23 01:01:07,1719100867.510934,26.0,19.0,0,17.0,18.0,,
2024-06-23 01:01:12,1719100872.500949,26.0,19.0,0,17.0,18.0,,
2024-06-23 01:01:17,1719100877.511851,26.0,19.0,0,17.0,18.0,,
2024-06-23 01:01:22,1719100882.501062,26.0,19.0,0,17.0,18.0,,
2024-06-23 01:01:27,1719100887.508108,26.0,19.0,0,17.0,18.0,,
2024-06-23 01:01:32,1719100892.502313,26.0,19.0,0,17.0,18.0,,
2024-06-23 01:01:37,1719100897.512312,26.0,19.0,0,17.0,18.0,,
2024-06-23 01:01:42,1719100902.500644,26.0,19.0,0,17.0,18.0,,
2024-06-23 01:01:47,1719100907.506963,26.0,19.0,0,17.0,18.0,,
2024-06-23 01:01:52,1719100912.509168,26.0,19.0,0,17.0,18.0,,
2024-06-23 01:01:57,1719100917.510385,26.0,19.0,0,17.0,18.0,,
2024-06-23 01:02:02,1719100922.50592,26.0,19.0,0,17.0,18.0,,
2024-06-23 01:02:07,1719100927.505112,26.0,19.0,0,17.0,18.0,,
2024-06-23 01:02:12,1719100932.50912,26.0,19.0,0,17.0,18.0,,
2024-06-23 01:02:17,1719100937.508296,26.0,19.0,0,17.0,18.0,,
2024-06-23 01:02:22,1719100942.509192,26.0,19.0,0,17.0,18.0,,
2024-06-23 01:02:27,1719100947.506126,26.0,19.0,0,17.0,18.0,,
2024-06-23 01:02:32,1719100952.512456,26.0,19.0,0,17.0,18.0,,
2024-06-23 01:02:37,1719100957.503939,26.0,19.0,0,17.0,18.0,,
2024-06-23 01:02:42,1719100962.511025,26.0,19.0,0,17.0,18.0,,
2024-06-23 01:02:47,1719100967.506999,26.0,19.0,0,17.0,18.0,,
2024-06-23 01:02:52,1719100972.507857,26.0,19.0,0,17.0,18.0,,
2024-06-23 01:02:57,1719100977.504147,26.0,19.0,0,17.0,18.0,,
2024-06-23 01:03:02,1719100982.507358,26.0,19.0,0,17.0,18.0,,
2024-06-23 01:03:07,1719100987.510853,26.0,19.0,0,17.0,18.0,,
2024-06-23 01:03:12,1719100992.526221,26.0,19.0,0,17.0,18.0,,
2024-06-23 01:03:17,1719100997.505676,26.0,19.0,0,17.0,18.0,,
2024-06-23 01:03:22,1719101002.512815,26.0,19.0,0,17.0,18.0,,
2024-06-23 01:03:27,1719101007.506022,26.0,19.0,0,17.0,18.0,,
2024-06-23 01:03:32,1719101012.505918,26.0,19.0,0,17.0,18.0,,
2024-06-23 01:03:37,1719101017.50513,26.0,19.0,0,17.0,18.0,,
2024-06-23 01:03:42,1719101022.511769,26.0,19.0,0,17.0,18.0,,
2024-06-23 01:03:47,1719101027.510047,26.0,19.0,0,17.0,18.0,,
2024-06-23 01:03:52,1719101032.502324,26.0,19.0,0,17.0,18.0,,
2024-06-23 01:03:57,1719101037.501601,26.0,19.0,0,17.0,18.0,,
2024-06-23 01:04:02,1719101042.514021,26.0,19.0,0,17.0,18.0,,
2024-06-23 01:04:07,1719101047.501116,26.0,19.0,0,17.0,18.0,,
2024-06-23 01:04:12,1719101052.505394,26.0,19.0,0,17.0,18.0,,
2024-06-23 01:04:17,1719101057.513093,26.0,19.0,0,17.0,18.0,,
2024-06-23 01:04:22,1719101062.514967,26.0,19.0,0,17.0,18.0,,
2024-06-23 01:04:27,1719101067.513223,26.0,19.0,0,17.0,18.0,,
2024-06-23 01:04:32,1719101072.506161,26.0,19.0,0,17.0,18.0,,
2024-06-23 01:04:37,1719101077.510536,26.0,19.0,0,17.0,18.0,,
2024-06-23 01:04:42,1719101082.502921,26.0,19.0,0,17.0,18.0,,
2024-06-23 01:04:47,1719101087.513225,26.0,19.0,0,17.0,18.0,,
2024-06-23 01:04:52,1719101092.508363,26.0,19.0,0,17.0,18.0,,
2024-06-23 01:04:57,1719101097.513797,26.0,19.0,0,17.0,18.0,,
2024-06-23 01:05:02,1719101102.507619,26.0,19.0,0,17.0,18.0,,
2024-06-23 01:05:07,1719101107.502439,26.0,19.0,0,17.0,18.0,,
2024-06-23 01:05:12,1719101112.510943,26.0,19.0,0,17.0,18.0,,
2024-06-23 01:05:17,1719101117.514007,26.0,19.0,0,17.0,18.0,,
2024-06-23 01:05:22,1719101122.508616,26.0,19.0,0,17.0,18.0,,
2024-06-23 01:05:27,1719101127.50143,26.0,19.0,0,17.0,18.0,,
2024-06-23 01:05:32,1719101132.51423,26.0,19.0,0,17.0,18.0,,
2024-06-23 01:05:37,1719101137.504181,26.0,19.0,0,17.0,18.0,,
2024-06-23 01:05:42,1719101142.505794,26.0,19.0,0,17.0,18.0,,
2024-06-23 01:05:47,1719101147.506152,26.0,19.0,0,17.0,18.0,,
2024-06-23 01:05:52,1719101152.513889,26.0,19.0,0,17.0,18.0,,
2024-06-23 01:05:57,1719101157.505925,26.0,19.0,0,17.0,18.0,,
2024-06-23 01:06:02,1719101162.50745,26.0,19.0,0,17.0,18.0,,
2024-06-23 01:06:07,1719101167.506616,26.0,19.0,0,17.0,18.0,,
2024-06-23 01:06:12,1719101172.509045,26.0,19.0,0,17.0,18.0,,
2024-06-23 01:06:17,1719101177.505015,26.0,19.0,0,17.0,18.0,,
2024-06-23 01:06:22,1719101182.50621,26.0,19.0,0,17.0,18.0,,
2024-06-23 01:06:27,1719101187.510795,26.0,19.0,0,17.0,18.0,,
2024-06-23 01:06:32,1719101192.504509,26.0,19.0,0,17.0,18.0,,
2024-06-23 01:06:37,1719101197.502675,26.0,19.0,0,17.0,18.0,,
2024-06-23 01:06:42,1719101202.502511,26.0,19.0,0,17.0,18.0,,
2024-06-23 01:06:47,1719101207.502998,26.0,19.0,0,17.0,18.0,,
2024-06-23 01:06:52,1719101212.512718,26.0,19.0,0,17.0,18.0,,
2024-06-23 01:06:57,1719101217.508764,26.0,19.0,0,17.0,18.0,,
2024-06-23 01:07:02,1719101222.5078,26.0,19.0,0,17.0,18.0,,
2024-06-23 01:07:07,1719101227.508139,26.0,19.0,0,17.0,18.0,,
2024-06-23 01:07:12,1719101232.508346,26.0,19.0,0,17.0,18.0,,
2024-06-23 01:07:17,1719101237.504405,26.0,19.0,0,17.0,18.0,,
2024-06-23 01:07:22,1719101242.50475,26.0,19.0,0,17.0,18.0,,
2024-06-23 01:07:27,1719101247.507737,26.0,19.0,0,17.0,18.0,,
2024-06-23 01:07:32,1719101252.505651,26.0,19.0,0,17.0,18.0,,
2024-06-23 01:07:37,1719101257.514413,26.0,19.0,0,17.0,18.0,,
2024-06-23 01:07:42,1719101262.50441,26.0,19.0,0,17.0,18.0,,
2024-06-23 01:07:47,1719101267.507396,26.0,19.0,0,17.0,18.0,,
2024-06-23 01:07:52,1719101272.502295,26.0,19.0,0,17.0,18.0,,
2024-06-23 01:07:57,1719101277.507161,26.0,19.0,0,17.0,18.0,,
2024-06-23 01:08:02,1719101282.511469,26.0,19.0,0,17.0,18.0,,
2024-06-23 01:08:07,1719101287.508072,26.0,19.0,0,17.0,18.0,,
2024-06-23 01:08:12,1719101292.51293,26.0,19.0,0,17.0,18.0,,
2024-06-23 01:08:17,1719101297.508886,26.0,19.0,0,17.0,18.0,,
2024-06-23 01:08:22,1719101302.508157,26.0,19.0,0,17.0,18.0,,
2024-06-23 01:08:27,1719101307.506031,26.0,19.0,0,17.0,18.0,,
2024-06-23 01:08:32,1719101312.502299,26.0,19.0,0,17.0,18.0,,
2024-06-23 01:08:37,1719101317.514741,26.0,19.0,0,17.0,18.0,,
2024-06-23 01:08:42,1719101322.509428,26.0,19.0,0,17.0,18.0,,
2024-06-23 01:08:47,1719101327.512673,26.0,19.0,0,17.0,18.0,,
2024-06-23 01:08:52,1719101332.511979,26.0,19.0,0,17.0,18.0,,
2024-06-23 01:08:57,1719101337.505611,26.0,19.0,0,17.0,18.0,,
2024-06-23 01:09:02,1719101342.510293,26.0,19.0,0,17.0,18.0,,
2024-06-23 01:09:07,1719101347.510141,26.0,19.0,0,17.0,18.0,,
2024-06-23 01:09:12,1719101352.504241,26.0,19.0,0,17.0,18.0,,
2024-06-23 01:09:17,1719101357.513607,26.0,19.0,0,17.0,18.0,,
2024-06-23 01:09:22,1719101362.514462,26.0,19.0,0,17.0,18.0,,
2024-06-23 01:09:27,1719101367.503645,26.0,19.0,0,17.0,18.0,,
2024-06-23 01:09:32,1719101372.51514,26.0,19.0,0,17.0,18.0,,
2024-06-23 01:09:37,1719101377.513681,26.0,19.0,0,17.0,18.0,,
2024-06-23 01:09:42,1719101382.510713,26.0,19.0,0,17.0,18.0,,
2024-06-23 01:09:47,1719101387.512958,26.0,19.0,0,17.0,18.0,,
2024-06-23 01:09:52,1719101392.510774,26.0,19.0,0,17.0,18.0,,
2024-06-23 01:09:57,1719101397.509243,26.0,19.0,0,17.0,18.0,,
2024-06-23 01:10:02,1719101402.514666,26.0,19.0,0,17.0,18.0,,
2024-06-23 01:10:07,1719101407.501187,26.0,19.0,0,17.0,18.0,,
2024-06-23 01:10:12,1719101412.509836,26.0,19.0,0,17.0,18.0,,
2024-06-23 01:10:17,1719101417.499679,26.0,19.0,0,17.0,18.0,,
2024-06-23 01:10:22,1719101422.504228,26.0,19.0,0,17.0,18.0,,
2024-06-23 01:10:27,1719101427.511902,26.0,19.0,0,17.0,18.0,,
2024-06-23 01:10:32,1719101432.508653,26.0,19.0,0,17.0,18.0,,
2024-06-23 01:10:37,1719101437.506365,26.0,19.0,0,17.0,18.0,,
2024-06-23 01:10:42,1719101442.505978,26.0,19.0,0,17.0,18.0,,
2024-06-23 01:10:47,1719101447.509695,26.0,19.0,0,17.0,18.0,,
2024-06-23 01:10:52,1719101452.506106,26.0,19.0,0,17.0,18.0,,
2024-06-23 01:10:57,1719101457.514152,26.0,19.0,0,17.0,18.0,,
2024-06-23 01:11:02,1719101462.503733,26.0,19.0,0,17.0,18.0,,
2024-06-23 01:11:07,1719101467.507123,26.0,19.0,0,17.0,18.0,,
2024-06-23 01:11:12,1719101472.51648,26.0,19.0,0,17.0,18.0,,
2024-06-23 01:11:17,1719101477.513697,26.0,19.0,0,17.0,18.0,,
2024-06-23 01:11:22,1719101482.503143,26.0,19.0,0,17.0,18.0,,
2024-06-23 01:11:27,1719101487.510797,26.0,19.0,0,17.0,18.0,,
2024-06-23 01:11:32,1719101492.50608,26.0,19.0,0,17.0,18.0,,
2024-06-23 01:11:37,1719101497.513176,26.0,19.0,0,17.0,18.0,,
2024-06-23 01:11:42,1719101502.506078,26.0,19.0,0,17.0,18.0,,
2024-06-23 01:11:47,1719101507.518874,26.0,19.0,0,17.0,18.0,,
2024-06-23 01:11:52,1719101512.505692,26.0,19.0,0,17.0,18.0,,
2024-06-23 01:11:57,1719101517.509285,26.0,19.0,0,17.0,18.0,,
2024-06-23 01:12:02,1719101522.504069,26.0,19.0,0,17.0,18.0,,
2024-06-23 01:12:07,1719101527.511078,26.0,19.0,0,17.0,18.0,,
2024-06-23 01:12:12,1719101532.504676,26.0,19.0,0,17.0,18.0,,
2024-06-23 01:12:17,1719101537.510926,26.0,19.0,0,17.0,18.0,,
2024-06-23 01:12:22,1719101542.508565,26.0,19.0,0,17.0,18.0,,
2024-06-23 01:12:27,1719101547.512063,26.0,19.0,0,17.0,18.0,,
2024-06-23 01:12:32,1719101552.499459,26.0,19.0,0,17.0,18.0,,
2024-06-23 01:12:37,1719101557.512569,26.0,19.0,0,17.0,18.0,,
2024-06-23 01:12:42,1719101562.508786,26.0,19.0,0,17.0,18.0,,
2024-06-23 01:12:47,1719101567.499247,26.0,19.0,0,17.0,18.0,,
2024-06-23 01:12:52,1719101572.498977,26.0,19.0,0,17.0,18.0,,
2024-06-23 01:12:57,1719101577.511605,26.0,19.0,0,17.0,18.0,,
2024-06-23 01:13:02,1719101582.506144,26.0,19.0,0,17.0,18.0,,
2024-06-23 01:13:07,1719101587.518278,26.0,19.0,0,17.0,18.0,,
2024-06-23 01:13:12,1719101592.51274,26.0,19.0,0,17.0,18.0,,
2024-06-23 01:13:17,1719101597.515027,26.0,19.0,0,17.0,18.0,,
2024-06-23 01:13:22,1719101602.509026,26.0,19.0,0,17.0,18.0,,
2024-06-23 01:13:27,1719101607.502564,26.0,19.0,0,17.0,18.0,,
2024-06-23 01:13:32,1719101612.509391,26.0,19.0,0,17.0,18.0,,
2024-06-23 01:13:37,1719101617.506144,26.0,19.0,0,17.0,18.0,,
2024-06-23 01:13:42,1719101622.510754,26.0,19.0,0,17.0,18.0,,
2024-06-23 01:13:47,1719101627.507121,26.0,19.0,0,17.0,18.0,,
2024-06-23 01:13:52,1719101632.507006,26.0,19.0,0,17.0,18.0,,
2024-06-23 01:13:57,1719101637.499533,26.0,19.0,0,17.0,18.0,,
2024-06-23 01:14:02,1719101642.517913,26.0,19.0,0,17.0,18.0,,
2024-06-23 01:14:07,1719101647.505999,26.0,19.0,0,17.0,18.0,,
2024-06-23 01:14:12,1719101652.501713,26.0,19.0,0,17.0,18.0,,
2024-06-23 01:14:17,1719101657.501992,26.0,19.0,0,17.0,18.0,,
2024-06-23 01:14:22,1719101662.510003,26.0,19.0,0,17.0,18.0,,
2024-06-23 01:14:27,1719101667.500583,26.0,19.0,0,17.0,18.0,,
2024-06-23 01:14:32,1719101672.51453,26.0,19.0,0,17.0,18.0,,
2024-06-23 01:14:37,1719101677.501547,26.0,19.0,0,17.0,18.0,,
2024-06-23 01:14:42,1719101682.499633,26.0,19.0,0,17.0,18.0,,
2024-06-23 01:14:47,1719101687.512984,26.0,19.0,0,17.0,18.0,,
2024-06-23 01:14:52,1719101692.505975,26.0,19.0,0,17.0,18.0,,
2024-06-23 01:14:57,1719101697.500927,26.0,19.0,0,17.0,18.0,,
2024-06-23 01:15:02,1719101702.507828,26.0,19.0,0,17.0,18.0,,
2024-06-23 01:15:07,1719101707.50216,26.0,19.0,0,17.0,18.0,,
2024-06-23 01:15:12,1719101712.51217,26.0,19.0,0,17.0,18.0,,
2024-06-23 01:15:17,1719101717.502923,26.0,19.0,0,17.0,18.0,,
2024-06-23 01:15:22,1719101722.502599,26.0,19.0,0,17.0,18.0,,
2024-06-23 01:15:27,1719101727.514969,26.0,19.0,0,17.0,18.0,,
2024-06-23 01:15:32,1719101732.509866,26.0,19.0,0,17.0,18.0,,
2024-06-23 01:15:37,1719101737.50109,26.0,19.0,0,17.0,18.0,,
2024-06-23 01:15:42,1719101742.50202,26.0,19.0,0,17.0,18.0,,
2024-06-23 01:15:47,1719101747.50551,26.0,19.0,0,17.0,18.0,,
2024-06-23 01:15:52,1719101752.501141,26.0,19.0,0,17.0,18.0,,
2024-06-23 01:15:57,1719101757.507362,26.0,19.0,0,17.0,18.0,,
2024-06-23 01:16:02,1719101762.503154,26.0,19.0,0,17.0,18.0,,
2024-06-23 01:16:07,1719101767.504328,26.0,19.0,0,17.0,18.0,,
2024-06-23 01:16:12,1719101772.510695,26.0,19.0,0,17.0,18.0,,
2024-06-23 01:16:17,1719101777.511489,26.0,19.0,0,17.0,18.0,,
2024-06-23 01:16:22,1719101782.514698,26.0,19.0,0,17.0,18.0,,
2024-06-23 01:16:27,1719101787.511799,26.0,19.0,0,17.0,18.0,,
2024-06-23 01:16:32,1719101792.513678,26.0,19.0,0,17.0,18.0,,
2024-06-23 01:16:37,1719101797.513432,26.0,19.0,0,17.0,18.0,,
2024-06-23 01:16:42,1719101802.500601,26.0,19.0,0,17.0,18.0,,
2024-06-23 01:16:47,1719101807.516964,26.0,19.0,0,17.0,18.0,,
2024-06-23 01:16:52,1719101812.513441,26.0,19.0,0,17.0,18.0,,
2024-06-23 01:16:57,1719101817.507904,26.0,19.0,0,17.0,18.0,,
2024-06-23 01:17:02,1719101822.501599,26.0,19.0,0,17.0,18.0,,
2024-06-23 01:17:07,1719101827.500886,26.0,19.0,0,17.0,18.0,,
2024-06-23 01:17:12,1719101832.513071,26.0,19.0,0,17.0,18.0,,
2024-06-23 01:17:17,1719101837.503824,26.0,19.0,0,17.0,18.0,,
2024-06-23 01:17:22,1719101842.511065,26.0,19.0,0,17.0,18.0,,
2024-06-23 01:17:27,1719101847.51087,26.0,19.0,0,17.0,18.0,,
2024-06-23 01:17:32,1719101852.508635,26.0,19.0,0,17.0,18.0,,
2024-06-23 01:17:37,1719101857.51498,26.0,19.0,0,17.0,18.0,,
2024-06-23 01:17:42,1719101862.510558,26.0,19.0,0,17.0,18.0,,
2024-06-23 01:17:47,1719101867.507579,26.0,19.0,0,17.0,18.0,,
2024-06-23 01:17:52,1719101872.508638,26.0,19.0,0,17.0,18.0,,
2024-06-23 01:17:57,1719101877.505248,26.0,19.0,0,17.0,18.0,,
2024-06-23 01:18:02,1719101882.499625,26.0,19.0,0,17.0,18.0,,
2024-06-23 01:18:07,1719101887.517044,26.0,19.0,0,17.0,18.0,,
2024-06-23 01:18:12,1719101892.507584,26.0,19.0,0,17.0,18.0,,
2024-06-23 01:18:17,1719101897.501559,26.0,19.0,0,17.0,18.0,,
2024-06-23 01:18:22,1719101902.505951,26.0,19.0,0,17.0,18.0,,
2024-06-23 01:18:27,1719101907.49961,26.0,19.0,0,17.0,18.0,,
2024-06-23 01:18:32,1719101912.502551,26.0,19.0,0,17.0,18.0,,
2024-06-23 01:18:37,1719101917.516251,26.0,19.0,0,17.0,18.0,,
2024-06-23 01:18:42,1719101922.512911,26.0,19.0,0,17.0,18.0,,
2024-06-23 01:18:47,1719101927.507594,26.0,19.0,0,17.0,18.0,,
2024-06-23 01:18:52,1719101932.502662,26.0,19.0,0,17.0,18.0,,
2024-06-23 01:18:57,1719101937.503777,26.0,19.0,0,17.0,18.0,,
2024-06-23 01:19:02,1719101942.513256,26.0,19.0,0,17.0,18.0,,
2024-06-23 01:19:07,1719101947.512007,26.0,19.0,0,17.0,18.0,,
2024-06-23 01:19:12,1719101952.513011,26.0,19.0,0,17.0,18.0,,
2024-06-23 01:19:17,1719101957.512026,26.0,19.0,0,17.0,18.0,,
2024-06-23 01:19:22,1719101962.50872,26.0,19.0,0,17.0,18.0,,
2024-06-23 01:19:27,1719101967.499573,26.0,19.0,0,17.0,18.0,,
2024-06-23 01:19:32,1719101972.508635,26.0,19.0,0,17.0,18.0,,
2024-06-23 01:19:37,1719101977.504577,26.0,19.0,0,17.0,18.0,,
2024-06-23 01:19:42,1719101982.500512,26.0,19.0,0,17.0,18.0,,
2024-06-23 01:19:47,1719101987.501407,26.0,19.0,0,17.0,18.0,,
2024-06-23 01:19:52,1719101992.503509,26.0,19.0,0,17.0,18.0,,
2024-06-23 01:19:57,1719101997.513414,26.0,19.0,0,17.0,18.0,,
2024-06-23 01:20:02,1719102002.499092,26.0,19.0,0,17.0,18.0,,
2024-06-23 01:20:07,1719102007.508761,26.0,19.0,0,17.0,18.0,,
2024-06-23 01:20:12,1719102012.501488,26.0,19.0,0,17.0,18.0,,
2024-06-23 01:20:17,1719102017.506761,26.0,19.0,0,17.0,18.0,,
2024-06-23 01:20:22,1719102022.510532,26.0,19.0,0,17.0,18.0,,
2024-06-23 01:20:27,1719102027.517501,26.0,19.0,0,17.0,18.0,,
2024-06-23 01:20:32,1719102032.509482,26.0,19.0,0,17.0,18.0,,
2024-06-23 01:20:37,1719102037.510543,26.0,19.0,0,17.0,18.0,,
2024-06-23 01:20:42,1719102042.504868,26.0,19.0,0,17.0,18.0,,
2024-06-23 01:20:47,1719102047.505471,26.0,19.0,0,17.0,18.0,,
2024-06-23 01:20:52,1719102052.501564,26.0,19.0,0,17.0,18.0,,
2024-06-23 01:20:57,1719102057.506187,26.0,19.0,0,17.0,18.0,,
2024-06-23 01:21:02,1719102062.499559,26.0,19.0,0,17.0,18.0,,
2024-06-23 01:21:07,1719102067.501707,26.0,19.0,0,17.0,18.0,,
2024-06-23 01:21:12,1719102072.501716,26.0,19.0,0,17.0,18.0,,
2024-06-23 01:21:17,1719102077.500764,26.0,19.0,0,17.0,18.0,,
2024-06-23 01:21:22,1719102082.506959,26.0,19.0,0,17.0,18.0,,
2024-06-23 01:21:27,1719102087.500555,26.0,19.0,0,17.0,18.0,,
2024-06-23 01:21:32,1719102092.500545,26.0,19.0,0,17.0,18.0,,
2024-06-23 01:21:37,1719102097.504362,26.0,19.0,0,17.0,18.0,,
2024-06-23 01:21:42,1719102102.505482,26.0,19.0,0,17.0,18.0,,
2024-06-23 01:21:47,1719102107.514827,26.0,19.0,0,17.0,18.0,,
2024-06-23 01:21:52,1719102112.510873,26.0,19.0,0,17.0,18.0,,
2024-06-23 01:21:57,1719102117.509461,26.0,19.0,0,17.0,18.0,,
2024-06-23 01:22:02,1719102122.51382,26.0,19.0,0,17.0,18.0,,
2024-06-23 01:22:07,1719102127.508444,26.0,19.0,0,17.0,18.0,,
2024-06-23 01:22:12,1719102132.503745,26.0,19.0,0,17.0,18.0,,
2024-06-23 01:22:17,1719102137.504749,26.0,19.0,0,17.0,18.0,,
2024-06-23 01:22:22,1719102142.503281,26.0,19.0,0,17.0,18.0,,
2024-06-23 01:22:27,1719102147.510803,26.0,19.0,0,17.0,18.0,,
2024-06-23 01:22:32,1719102152.505639,26.0,19.0,0,17.0,18.0,,
2024-06-23 01:22:37,1719102157.511752,26.0,19.0,0,17.0,18.0,,
2024-06-23 01:22:42,1719102162.499493,26.0,19.0,0,17.0,18.0,,
2024-06-23 01:22:47,1719102167.506422,26.0,19.0,0,17.0,18.0,,
2024-06-23 01:22:52,1719102172.511863,26.0,19.0,0,17.0,18.0,,
2024-06-23 01:22:57,1719102177.511796,26.0,19.0,0,17.0,18.0,,
2024-06-23 01:23:02,1719102182.505396,26.0,19.0,0,17.0,18.0,,
2024-06-23 01:23:07,1719102187.499452,26.0,19.0,0,17.0,18.0,,
2024-06-23 01:23:12,1719102192.516408,26.0,19.0,0,17.0,18.0,,
2024-06-23 01:23:17,1719102197.509812,26.0,19.0,0,17.0,18.0,,
2024-06-23 01:23:22,1719102202.51209,26.0,19.0,0,17.0,18.0,,
2024-06-23 01:23:27,1719102207.507477,26.0,19.0,0,17.0,18.0,,
2024-06-23 01:23:32,1719102212.506715,26.0,19.0,0,17.0,18.0,,
2024-06-23 01:23:37,1719102217.513744,26.0,19.0,0,17.0,18.0,,
2024-06-23 01:23:42,1719102222.50365,26.0,19.0,0,17.0,18.0,,
2024-06-23 01:23:47,1719102227.505661,26.0,19.0,0,17.0,18.0,,
2024-06-23 01:23:52,1719102232.503644,26.0,19.0,0,17.0,18.0,,
2024-06-23 01:23:57,1719102237.513845,26.0,19.0,0,17.0,18.0,,
2024-06-23 01:24:02,1719102242.512747,26.0,19.0,0,17.0,18.0,,
2024-06-23 01:24:07,1719102247.504451,26.0,19.0,0,17.0,18.0,,
2024-06-23 01:24:12,1719102252.506148,26.0,19.0,0,17.0,18.0,,
2024-06-23 01:24:17,1719102257.511726,26.0,19.0,0,17.0,18.0,,
2024-06-23 01:24:22,1719102262.502373,26.0,19.0,0,17.0,18.0,,
2024-06-23 01:24:27,1719102267.502152,26.0,19.0,0,17.0,18.0,,
2024-06-23 01:24:32,1719102272.509747,26.0,19.0,0,17.0,18.0,,
2024-06-23 01:24:37,1719102277.509587,26.0,19.0,0,17.0,18.0,,
2024-06-23 01:24:42,1719102282.505348,26.0,19.0,0,17.0,18.0,,
2024-06-23 01:24:47,1719102287.510406,26.0,19.0,0,17.0,18.0,,
2024-06-23 01:24:52,1719102292.511851,26.0,19.0,0,17.0,18.0,,
2024-06-23 01:24:57,1719102297.508821,26.0,19.0,0,17.0,18.0,,
2024-06-23 01:25:02,1719102302.504246,26.0,19.0,0,17.0,18.0,,
2024-06-23 01:25:07,1719102307.503755,26.0,19.0,0,17.0,18.0,,
2024-06-23 01:25:12,1719102312.501925,26.0,19.0,0,17.0,18.0,,
2024-06-23 01:25:17,1719102317.507125,26.0,19.0,0,17.0,18.0,,
2024-06-23 01:25:22,1719102322.507726,26.0,19.0,0,17.0,18.0,,
2024-06-23 01:25:27,1719102327.503563,26.0,19.0,0,17.0,18.0,,
2024-06-23 01:25:32,1719102332.506815,26.0,19.0,0,17.0,18.0,,
2024-06-23 01:25:37,1719102337.514176,26.0,19.0,0,17.0,18.0,,
2024-06-23 01:25:42,1719102342.509861,26.0,19.0,0,17.0,18.0,,
2024-06-23 01:25:47,1719102347.50815,26.0,19.0,0,17.0,18.0,,
2024-06-23 01:25:52,1719102352.501587,26.0,19.0,0,17.0,18.0,,
2024-06-23 01:25:57,1719102357.504097,26.0,19.0,0,17.0,18.0,,
2024-06-23 01:26:02,1719102362.517612,26.0,19.0,0,17.0,18.0,,
2024-06-23 01:26:07,1719102367.509581,26.0,19.0,0,17.0,18.0,,
2024-06-23 01:26:12,1719102372.514855,26.0,19.0,0,17.0,18.0,,
2024-06-23 01:26:17,1719102377.501895,26.0,19.0,0,17.0,18.0,,
2024-06-23 01:26:22,1719102382.500901,26.0,19.0,0,17.0,18.0,,
2024-06-23 01:26:27,1719102387.514798,26.0,19.0,0,17.0,18.0,,
2024-06-23 01:26:32,1719102392.508321,26.0,19.0,0,17.0,18.0,,
2024-06-23 01:26:37,1719102397.502895,26.0,19.0,0,17.0,18.0,,
2024-06-23 01:26:42,1719102402.506512,26.0,19.0,0,17.0,18.0,,
2024-06-23 01:26:47,1719102407.51178,26.0,19.0,0,17.0,18.0,,
2024-06-23 01:26:52,1719102412.5005,26.0,19.0,0,17.0,18.0,,
2024-06-23 01:26:57,1719102417.50442,26.0,19.0,0,17.0,18.0,,
2024-06-23 01:27:02,1719102422.504489,26.0,19.0,0,17.0,18.0,,
2024-06-23 01:27:07,1719102427.515644,26.0,19.0,0,17.0,18.0,,
2024-06-23 01:27:12,1719102432.515639,26.0,19.0,0,17.0,18.0,,
2024-06-23 01:27:17,1719102437.509328,26.0,19.0,0,17.0,18.0,,
2024-06-23 01:27:22,1719102442.500437,26.0,19.0,0,17.0,18.0,,
2024-06-23 01:27:27,1719102447.507187,26.0,19.0,0,17.0,18.0,,
2024-06-23 01:27:32,1719102452.505279,26.0,19.0,0,17.0,18.0,,
2024-06-23 01:27:37,1719102457.506994,26.0,19.0,0,17.0,18.0,,
2024-06-23 01:27:42,1719102462.506968,26.0,19.0,0,17.0,18.0,,
2024-06-23 01:27:47,1719102467.501848,26.0,19.0,0,17.0,18.0,,
2024-06-23 01:27:52,1719102472.503328,26.0,19.0,0,17.0,18.0,,
2024-06-23 01:27:57,1719102477.513661,26.0,19.0,0,17.0,18.0,,
2024-06-23 01:28:02,1719102482.506855,26.0,19.0,0,17.0,18.0,,
2024-06-23 01:28:07,1719102487.506724,26.0,19.0,0,17.0,18.0,,
2024-06-23 01:28:12,1719102492.501176,26.0,19.0,0,17.0,18.0,,
2024-06-23 01:28:17,1719102497.512119,26.0,19.0,0,17.0,18.0,,
2024-06-23 01:28:22,1719102502.505262,26.0,19.0,0,17.0,18.0,,
2024-06-23 01:28:27,1719102507.50586,26.0,19.0,0,17.0,18.0,,
2024-06-23 01:28:32,1719102512.499774,26.0,19.0,0,17.0,18.0,,
2024-06-23 01:28:37,1719102517.500981,26.0,19.0,0,17.0,18.0,,
2024-06-23 01:28:42,1719102522.504314,26.0,19.0,0,17.0,18.0,,
2024-06-23 01:28:47,1719102527.513189,26.0,19.0,0,17.0,18.0,,
2024-06-23 01:28:52,1719102532.50144,26.0,19.0,0,17.0,18.0,,
2024-06-23 01:28:57,1719102537.510519,26.0,19.0,0,17.0,18.0,,
2024-06-23 01:29:02,1719102542.510938,26.0,19.0,0,17.0,18.0,,
2024-06-23 01:29:07,1719102547.500471,26.0,19.0,0,17.0,18.0,,
2024-06-23 01:29:12,1719102552.50572,26.0,19.0,0,17.0,18.0,,
2024-06-23 01:29:17,1719102557.501078,26.0,19.0,0,17.0,18.0,,
2024-06-23 01:29:22,1719102562.513827,26.0,19.0,0,17.0,18.0,,
2024-06-23 01:29:27,1719102567.503889,26.0,19.0,0,17.0,18.0,,
2024-06-23 01:29:32,1719102572.50723,26.0,19.0,0,17.0,18.0,,
2024-06-23 01:29:37,1719102577.501794,26.0,19.0,0,17.0,18.0,,
2024-06-23 01:29:42,1719102582.511538,26.0,19.0,0,17.0,18.0,,
2024-06-23 01:29:47,1719102587.507441,26.0,19.0,0,17.0,18.0,,
2024-06-23 01:29:52,1719102592.504963,26.0,19.0,0,17.0,18.0,,
2024-06-23 01:29:57,1719102597.505956,26.0,19.0,0,17.0,18.0,,
2024-06-23 01:30:02,1719102602.508795,26.0,19.0,0,17.0,18.0,,
2024-06-23 01:30:07,1719102607.507617,26.0,19.0,0,17.0,18.0,,
2024-06-23 01:30:12,1719102612.501743,26.0,19.0,0,17.0,18.0,,
2024-06-23 01:30:17,1719102617.503659,26.0,19.0,0,17.0,18.0,,
2024-06-23 01:30:22,1719102622.515094,26.0,19.0,0,17.0,18.0,,
2024-06-23 01:30:27,1719102627.499968,26.0,19.0,0,17.0,18.0,,
2024-06-23 01:30:32,1719102632.499443,26.0,19.0,0,17.0,18.0,,
2024-06-23 01:30:37,1719102637.514117,26.0,19.0,0,17.0,18.0,,
2024-06-23 01:30:42,1719102642.513066,26.0,19.0,0,17.0,18.0,,
2024-06-23 01:30:47,1719102647.512933,26.0,19.0,0,17.0,18.0,,
2024-06-23 01:30:52,1719102652.508919,26.0,19.0,0,17.0,18.0,,
2024-06-23 01:30:57,1719102657.507224,26.0,19.0,0,17.0,18.0,,
2024-06-23 01:31:02,1719102662.507593,26.0,19.0,0,17.0,18.0,,
2024-06-23 01:31:07,1719102667.512774,26.0,19.0,0,17.0,18.0,,
2024-06-23 01:31:12,1719102672.502841,26.0,19.0,0,17.0,18.0,,
2024-06-23 01:31:17,1719102677.50273,26.0,19.0,0,17.0,18.0,,
2024-06-23 01:31:22,1719102682.500178,26.0,19.0,0,17.0,18.0,,
2024-06-23 01:31:27,1719102687.508899,26.0,19.0,0,17.0,18.0,,
2024-06-23 01:31:32,1719102692.503481,26.0,19.0,0,17.0,18.0,,
2024-06-23 01:31:37,1719102697.515659,26.0,19.0,0,17.0,18.0,,
2024-06-23 01:31:42,1719102702.51101,26.0,19.0,0,17.0,18.0,,
2024-06-23 01:31:47,1719102707.513884,26.0,19.0,0,17.0,18.0,,
2024-06-23 01:31:52,1719102712.504955,26.0,19.0,0,17.0,18.0,,
2024-06-23 01:31:57,1719102717.506313,26.0,19.0,0,17.0,18.0,,
2024-06-23 01:32:02,1719102722.506877,26.0,19.0,0,17.0,18.0,,
2024-06-23 01:32:07,1719102727.503815,26.0,19.0,0,17.0,18.0,,
2024-06-23 01:32:12,1719102732.509106,26.0,19.0,0,17.0,18.0,,
2024-06-23 01:32:17,1719102737.506113,26.0,19.0,0,17.0,18.0,,
2024-06-23 01:32:22,1719102742.511113,26.0,19.0,0,17.0,18.0,,
2024-06-23 01:32:27,1719102747.501911,26.0,19.0,0,17.0,18.0,,
2024-06-23 01:32:32,1719102752.505911,26.0,19.0,0,17.0,18.0,,
2024-06-23 01:32:37,1719102757.511342,26.0,19.0,0,17.0,18.0,,
2024-06-23 01:32:42,1719102762.510971,26.0,19.0,0,17.0,18.0,,
2024-06-23 01:32:47,1719102767.499511,26.0,19.0,0,17.0,18.0,,
2024-06-23 01:32:52,1719102772.508919,26.0,19.0,0,17.0,18.0,,
2024-06-23 01:32:57,1719102777.502102,26.0,19.0,0,17.0,18.0,,
2024-06-23 01:33:02,1719102782.511036,26.0,19.0,0,17.0,18.0,,
2024-06-23 01:33:07,1719102787.5013,26.0,19.0,0,17.0,18.0,,
2024-06-23 01:33:12,1719102792.501112,26.0,19.0,0,17.0,18.0,,
2024-06-23 01:33:17,1719102797.500903,26.0,19.0,0,17.0,18.0,,
2024-06-23 01:33:22,1719102802.501245,26.0,19.0,0,17.0,18.0,,
2024-06-23 01:33:27,1719102807.506059,26.0,19.0,0,17.0,18.0,,
2024-06-23 01:33:32,1719102812.511897,26.0,19.0,0,17.0,18.0,,
2024-06-23 01:33:37,1719102817.514837,26.0,19.0,0,17.0,18.0,,
2024-06-23 01:33:42,1719102822.506215,26.0,19.0,0,17.0,18.0,,
2024-06-23 01:33:47,1719102827.502611,26.0,19.0,0,17.0,18.0,,
2024-06-23 01:33:52,1719102832.510412,26.0,19.0,0,17.0,18.0,,
2024-06-23 01:33:57,1719102837.499722,26.0,19.0,0,17.0,18.0,,
2024-06-23 01:34:02,1719102842.526533,26.0,19.0,0,17.0,18.0,,
2024-06-23 01:34:07,1719102847.513866,26.0,19.0,0,17.0,18.0,,
2024-06-23 01:34:12,1719102852.502608,26.0,19.0,0,17.0,18.0,,
2024-06-23 01:34:17,1719102857.504578,26.0,19.0,0,17.0,18.0,,
2024-06-23 01:34:22,1719102862.510075,26.0,19.0,0,17.0,18.0,,
2024-06-23 01:34:27,1719102867.504532,26.0,19.0,0,17.0,18.0,,
2024-06-23 01:34:32,1719102872.511472,26.0,19.0,0,17.0,18.0,,
2024-06-23 01:34:37,1719102877.505807,26.0,19.0,0,17.0,18.0,,
2024-06-23 01:34:42,1719102882.513329,26.0,19.0,0,17.0,18.0,,
2024-06-23 01:34:47,1719102887.504749,26.0,19.0,0,17.0,18.0,,
2024-06-23 01:34:52,1719102892.510186,26.0,19.0,0,17.0,18.0,,
2024-06-23 01:34:57,1719102897.509719,26.0,19.0,0,17.0,18.0,,
2024-06-23 01:35:02,1719102902.499681,26.0,19.0,0,17.0,18.0,,
2024-06-23 01:35:07,1719102907.511082,26.0,19.0,0,17.0,18.0,,
2024-06-23 01:35:12,1719102912.504515,26.0,19.0,0,17.0,18.0,,
2024-06-23 01:35:17,1719102917.513195,26.0,19.0,0,17.0,18.0,,
2024-06-23 01:35:22,1719102922.506535,26.0,19.0,0,17.0,18.0,,
2024-06-23 01:35:27,1719102927.508461,26.0,19.0,0,17.0,18.0,,
2024-06-23 01:35:32,1719102932.511763,26.0,19.0,0,17.0,18.0,,
2024-06-23 01:35:37,1719102937.505744,26.0,19.0,0,17.0,18.0,,
2024-06-23 01:35:42,1719102942.504962,26.0,19.0,0,17.0,18.0,,
2024-06-23 01:35:47,1719102947.501607,26.0,19.0,0,17.0,18.0,,
2024-06-23 01:35:52,1719102952.51024,26.0,19.0,0,17.0,18.0,,
2024-06-23 01:35:57,1719102957.502941,26.0,19.0,0,17.0,18.0,,
2024-06-23 01:36:02,1719102962.502775,26.0,19.0,0,17.0,18.0,,
2024-06-23 01:36:07,1719102967.501517,26.0,19.0,0,17.0,18.0,,
2024-06-23 01:36:12,1719102972.512022,26.0,19.0,0,17.0,18.0,,
2024-06-23 01:36:17,1719102977.515656,26.0,19.0,0,17.0,18.0,,
2024-06-23 01:36:22,1719102982.50648,26.0,19.0,0,17.0,18.0,,
2024-06-23 01:36:27,1719102987.505687,26.0,19.0,0,17.0,18.0,,
2024-06-23 01:36:32,1719102992.506556,26.0,19.0,0,17.0,18.0,,
2024-06-23 01:36:37,1719102997.511682,26.0,19.0,0,17.0,18.0,,
2024-06-23 01:36:42,1719103002.509207,26.0,19.0,0,17.0,18.0,,
2024-06-23 01:36:47,1719103007.50154,26.0,19.0,0,17.0,18.0,,
2024-06-23 01:36:52,1719103012.511149,26.0,19.0,0,17.0,18.0,,
2024-06-23 01:36:57,1719103017.510508,26.0,19.0,0,17.0,18.0,,
2024-06-23 01:37:02,1719103022.499881,26.0,19.0,0,17.0,18.0,,
2024-06-23 01:37:07,1719103027.50357,26.0,19.0,0,17.0,18.0,,
2024-06-23 01:37:12,1719103032.509195,26.0,19.0,0,17.0,18.0,,
2024-06-23 01:37:17,1719103037.507665,26.0,19.0,0,17.0,18.0,,
2024-06-23 01:37:22,1719103042.509113,26.0,19.0,0,17.0,18.0,,
2024-06-23 01:37:27,1719103047.512847,26.0,19.0,0,17.0,18.0,,
2024-06-23 01:37:32,1719103052.498534,26.0,19.0,0,17.0,18.0,,
2024-06-23 01:37:37,1719103057.502577,26.0,19.0,0,17.0,18.0,,
2024-06-23 01:37:42,1719103062.505349,26.0,19.0,0,17.0,18.0,,
2024-06-23 01:37:47,1719103067.501963,26.0,19.0,0,17.0,18.0,,
2024-06-23 01:37:52,1719103072.514493,26.0,19.0,0,17.0,18.0,,
2024-06-23 01:37:57,1719103077.5129,26.0,19.0,0,17.0,18.0,,
2024-06-23 01:38:02,1719103082.508151,26.0,19.0,0,17.0,18.0,,
2024-06-23 01:38:07,1719103087.499496,26.0,19.0,0,17.0,18.0,,
2024-06-23 01:38:12,1719103092.510007,26.0,19.0,0,17.0,18.0,,
2024-06-23 01:38:17,1719103097.500486,26.0,19.0,0,17.0,18.0,,
2024-06-23 01:38:22,1719103102.502792,26.0,19.0,0,17.0,18.0,,
2024-06-23 01:38:27,1719103107.511342,26.0,19.0,0,17.0,18.0,,
2024-06-23 01:38:32,1719103112.503524,26.0,19.0,0,17.0,18.0,,
2024-06-23 01:38:37,1719103117.499552,26.0,19.0,0,17.0,18.0,,
2024-06-23 01:38:42,1719103122.513098,26.0,19.0,0,17.0,18.0,,
2024-06-23 01:38:47,1719103127.503913,26.0,19.0,0,17.0,18.0,,
2024-06-23 01:38:52,1719103132.504915,26.0,19.0,0,17.0,18.0,,
2024-06-23 01:38:57,1719103137.503686,26.0,19.0,0,17.0,18.0,,
2024-06-23 01:39:02,1719103142.514725,26.0,19.0,0,17.0,18.0,,
2024-06-23 01:39:07,1719103147.511558,26.0,19.0,0,17.0,18.0,,
2024-06-23 01:39:12,1719103152.509525,26.0,19.0,0,17.0,18.0,,
2024-06-23 01:39:17,1719103157.508493,26.0,19.0,0,17.0,18.0,,
2024-06-23 01:39:22,1719103162.513005,26.0,19.0,0,17.0,18.0,,
2024-06-23 01:39:27,1719103167.510763,26.0,19.0,0,17.0,18.0,,
2024-06-23 01:39:32,1719103172.514526,26.0,19.0,0,17.0,18.0,,
2024-06-23 01:39:37,1719103177.504921,26.0,19.0,0,17.0,18.0,,
2024-06-23 01:39:42,1719103182.507802,26.0,19.0,0,17.0,18.0,,
2024-06-23 01:39:47,1719103187.514664,26.0,19.0,0,17.0,18.0,,
2024-06-23 01:39:52,1719103192.512105,26.0,19.0,0,17.0,18.0,,
2024-06-23 01:39:57,1719103197.509461,26.0,19.0,0,17.0,18.0,,
2024-06-23 01:40:02,1719103202.513446,26.0,19.0,0,17.0,18.0,,
2024-06-23 01:40:07,1719103207.515559,26.0,19.0,0,17.0,18.0,,
2024-06-23 01:40:12,1719103212.503722,26.0,19.0,0,17.0,18.0,,
2024-06-23 01:40:17,1719103217.507684,26.0,19.0,0,17.0,18.0,,
2024-06-23 01:40:22,1719103222.51084,26.0,19.0,0,17.0,18.0,,
2024-06-23 01:40:27,1719103227.501539,26.0,19.0,0,17.0,18.0,,
2024-06-23 01:40:32,1719103232.505869,26.0,19.0,0,17.0,18.0,,
2024-06-23 01:40:37,1719103237.511988,26.0,19.0,0,17.0,18.0,,
2024-06-23 01:40:42,1719103242.504766,26.0,19.0,0,17.0,18.0,,
2024-06-23 01:40:47,1719103247.515611,26.0,19.0,0,17.0,18.0,,
2024-06-23 01:40:52,1719103252.516699,26.0,19.0,0,17.0,18.0,,
2024-06-23 01:40:57,1719103257.510337,26.0,19.0,0,17.0,18.0,,
2024-06-23 01:41:02,1719103262.51461,26.0,19.0,0,17.0,18.0,,
2024-06-23 01:41:07,1719103267.507451,26.0,19.0,0,17.0,18.0,,
2024-06-23 01:41:12,1719103272.505251,26.0,19.0,0,17.0,18.0,,
2024-06-23 01:41:17,1719103277.504741,26.0,19.0,0,17.0,18.0,,
2024-06-23 01:41:22,1719103282.514579,26.0,19.0,0,17.0,18.0,,
2024-06-23 01:41:27,1719103287.511152,26.0,19.0,0,17.0,18.0,,
2024-06-23 01:41:32,1719103292.50653,26.0,19.0,0,17.0,18.0,,
2024-06-23 01:41:37,1719103297.508799,26.0,19.0,0,17.0,18.0,,
2024-06-23 01:41:42,1719103302.510818,26.0,19.0,0,17.0,18.0,,
2024-06-23 01:41:47,1719103307.514684,26.0,19.0,0,17.0,18.0,,
2024-06-23 01:41:52,1719103312.511672,26.0,19.0,0,17.0,18.0,,
2024-06-23 01:41:57,1719103317.510612,26.0,19.0,0,17.0,18.0,,
2024-06-23 01:42:02,1719103322.5053,26.0,19.0,0,17.0,18.0,,
2024-06-23 01:42:07,1719103327.511401,26.0,19.0,0,17.0,18.0,,
2024-06-23 01:42:12,1719103332.504971,26.0,19.0,0,17.0,18.0,,
2024-06-23 01:42:17,1719103337.51068,26.0,19.0,0,17.0,18.0,,
2024-06-23 01:42:22,1719103342.506271,26.0,19.0,0,17.0,18.0,,
2024-06-23 01:42:27,1719103347.523081,26.0,19.0,0,17.0,18.0,,
2024-06-23 01:42:32,1719103352.500212,26.0,19.0,0,17.0,18.0,,
2024-06-23 01:42:37,1719103357.511536,26.0,19.0,0,17.0,18.0,,
2024-06-23 01:42:42,1719103362.506178,26.0,19.0,0,17.0,18.0,,
2024-06-23 01:42:47,1719103367.499988,26.0,19.0,0,17.0,18.0,,
2024-06-23 01:42:52,1719103372.504556,26.0,19.0,0,17.0,18.0,,
2024-06-23 01:42:57,1719103377.502614,26.0,19.0,0,17.0,18.0,,
2024-06-23 01:43:02,1719103382.506926,26.0,19.0,0,17.0,18.0,,
2024-06-23 01:43:07,1719103387.514445,26.0,19.0,0,17.0,18.0,,
2024-06-23 01:43:12,1719103392.506651,26.0,19.0,0,17.0,18.0,,
2024-06-23 01:43:17,1719103397.506469,26.0,19.0,0,17.0,18.0,,
2024-06-23 01:43:22,1719103402.513751,26.0,19.0,0,17.0,18.0,,
2024-06-23 01:43:27,1719103407.507768,26.0,19.0,0,17.0,18.0,,
2024-06-23 01:43:32,1719103412.508567,26.0,19.0,0,17.0,18.0,,
2024-06-23 01:43:37,1719103417.511529,26.0,19.0,0,17.0,18.0,,
2024-06-23 01:43:42,1719103422.504332,26.0,19.0,0,17.0,18.0,,
2024-06-23 01:43:47,1719103427.5047,26.0,19.0,0,17.0,18.0,,
2024-06-23 01:43:52,1719103432.507698,26.0,19.0,0,17.0,18.0,,
2024-06-23 01:43:57,1719103437.504447,26.0,19.0,0,17.0,18.0,,
2024-06-23 01:44:02,1719103442.512419,26.0,19.0,0,17.0,18.0,,
2024-06-23 01:44:07,1719103447.502272,26.0,19.0,0,17.0,18.0,,
2024-06-23 01:44:12,1719103452.505204,26.0,19.0,0,17.0,18.0,,
2024-06-23 01:44:17,1719103457.506181,26.0,19.0,0,17.0,18.0,,
2024-06-23 01:44:22,1719103462.511327,26.0,19.0,0,17.0,18.0,,
2024-06-23 01:44:27,1719103467.509756,26.0,19.0,0,17.0,18.0,,
2024-06-23 01:44:32,1719103472.509568,26.0,19.0,0,17.0,18.0,,
2024-06-23 01:44:37,1719103477.506039,26.0,19.0,0,17.0,18.0,,
2024-06-23 01:44:42,1719103482.504549,26.0,19.0,0,17.0,18.0,,
2024-06-23 01:44:47,1719103487.51023,26.0,19.0,0,17.0,18.0,,
2024-06-23 01:44:52,1719103492.505212,26.0,19.0,0,17.0,18.0,,
2024-06-23 01:44:57,1719103497.50649,26.0,19.0,0,17.0,18.0,,
2024-06-23 01:45:02,1719103502.50015,26.0,19.0,0,17.0,18.0,,
2024-06-23 01:45:07,1719103507.510465,26.0,19.0,0,17.0,18.0,,
2024-06-23 01:45:12,1719103512.505571,26.0,19.0,0,17.0,18.0,,
2024-06-23 01:45:17,1719103517.516446,26.0,19.0,0,17.0,18.0,,
2024-06-23 01:45:22,1719103522.502972,26.0,19.0,0,17.0,18.0,,
2024-06-23 01:45:27,1719103527.508244,26.0,19.0,0,17.0,18.0,,
2024-06-23 01:45:32,1719103532.512195,26.0,19.0,0,17.0,18.0,,
2024-06-23 01:45:37,1719103537.505194,26.0,19.0,0,17.0,18.0,,
2024-06-23 01:45:42,1719103542.50031,26.0,19.0,0,17.0,18.0,,
2024-06-23 01:45:47,1719103547.502954,26.0,19.0,0,17.0,18.0,,
2024-06-23 01:45:52,1719103552.514625,26.0,19.0,0,17.0,18.0,,
2024-06-23 01:45:57,1719103557.510365,26.0,19.0,0,17.0,18.0,,
2024-06-23 01:46:02,1719103562.507289,26.0,19.0,0,17.0,18.0,,
2024-06-23 01:46:07,1719103567.511524,26.0,19.0,0,17.0,18.0,,
2024-06-23 01:46:12,1719103572.505985,26.0,19.0,0,17.0,18.0,,
2024-06-23 01:46:17,1719103577.504102,26.0,19.0,0,17.0,18.0,,
2024-06-23 01:46:22,1719103582.515167,26.0,19.0,0,17.0,18.0,,
2024-06-23 01:46:27,1719103587.509009,26.0,19.0,0,17.0,18.0,,
2024-06-23 01:46:32,1719103592.507464,26.0,19.0,0,17.0,18.0,,
2024-06-23 01:46:37,1719103597.501153,26.0,19.0,0,17.0,18.0,,
2024-06-23 01:46:42,1719103602.502579,26.0,19.0,0,17.0,18.0,,
2024-06-23 01:46:47,1719103607.510368,26.0,19.0,0,17.0,18.0,,
2024-06-23 01:46:52,1719103612.50093,26.0,19.0,0,17.0,18.0,,
2024-06-23 01:46:57,1719103617.510657,26.0,19.0,0,17.0,18.0,,
2024-06-23 01:47:02,1719103622.51182,26.0,19.0,0,17.0,18.0,,
2024-06-23 01:47:07,1719103627.507867,26.0,19.0,0,17.0,18.0,,
2024-06-23 01:47:12,1719103632.504316,26.0,19.0,0,17.0,18.0,,
2024-06-23 01:47:17,1719103637.509133,26.0,19.0,0,17.0,18.0,,
2024-06-23 01:47:22,1719103642.512933,26.0,19.0,0,17.0,18.0,,
2024-06-23 01:47:27,1719103647.504252,26.0,19.0,0,17.0,18.0,,
2024-06-23 01:47:32,1719103652.508609,26.0,19.0,0,17.0,18.0,,
2024-06-23 01:47:37,1719103657.500627,26.0,19.0,0,17.0,18.0,,
2024-06-23 01:47:42,1719103662.509277,26.0,19.0,0,17.0,18.0,,
2024-06-23 01:47:47,1719103667.501865,26.0,19.0,0,17.0,18.0,,
2024-06-23 01:47:52,1719103672.50912,26.0,19.0,0,17.0,18.0,,
2024-06-23 01:47:57,1719103677.503023,26.0,19.0,0,17.0,18.0,,
2024-06-23 01:48:02,1719103682.511258,26.0,19.0,0,17.0,18.0,,
2024-06-23 01:48:07,1719103687.504364,26.0,19.0,0,17.0,18.0,,
2024-06-23 01:48:12,1719103692.516509,26.0,19.0,0,17.0,18.0,,
2024-06-23 01:48:17,1719103697.502904,26.0,19.0,0,17.0,18.0,,
2024-06-23 01:48:22,1719103702.503125,26.0,19.0,0,17.0,18.0,,
2024-06-23 01:48:27,1719103707.511036,26.0,19.0,0,17.0,18.0,,
2024-06-23 01:48:32,1719103712.512633,26.0,19.0,0,17.0,18.0,,
2024-06-23 01:48:37,1719103717.514407,26.0,19.0,0,17.0,18.0,,
2024-06-23 01:48:42,1719103722.51255,26.0,19.0,0,17.0,18.0,,
2024-06-23 01:48:47,1719103727.511223,26.0,19.0,0,17.0,18.0,,
2024-06-23 01:48:52,1719103732.515024,26.0,19.0,0,17.0,18.0,,
2024-06-23 01:48:57,1719103737.504325,26.0,19.0,0,17.0,18.0,,
2024-06-23 01:49:02,1719103742.509578,26.0,19.0,0,17.0,18.0,,
2024-06-23 01:49:07,1719103747.511588,26.0,19.0,0,17.0,18.0,,
2024-06-23 01:49:12,1719103752.507618,26.0,19.0,0,17.0,18.0,,
2024-06-23 01:49:17,1719103757.502125,26.0,19.0,0,17.0,18.0,,
2024-06-23 01:49:22,1719103762.511095,26.0,19.0,0,17.0,18.0,,
2024-06-23 01:49:27,1719103767.509954,26.0,19.0,0,17.0,18.0,,
2024-06-23 01:49:32,1719103772.512313,26.0,19.0,0,17.0,18.0,,
2024-06-23 01:49:37,1719103777.508135,26.0,19.0,0,17.0,18.0,,
2024-06-23 01:49:42,1719103782.502182,26.0,19.0,0,17.0,18.0,,
2024-06-23 01:49:47,1719103787.504164,26.0,19.0,0,17.0,18.0,,
2024-06-23 01:49:52,1719103792.510101,26.0,19.0,0,17.0,18.0,,
2024-06-23 01:49:57,1719103797.507731,26.0,19.0,0,17.0,18.0,,
2024-06-23 01:50:02,1719103802.515778,26.0,19.0,0,17.0,18.0,,
2024-06-23 01:50:07,1719103807.51111,26.0,19.0,0,17.0,18.0,,
2024-06-23 01:50:12,1719103812.514855,26.0,19.0,0,17.0,18.0,,
2024-06-23 01:50:17,1719103817.508362,26.0,19.0,0,17.0,18.0,,
2024-06-23 01:50:22,1719103822.501145,26.0,19.0,0,17.0,18.0,,
2024-06-23 01:50:27,1719103827.50153,26.0,19.0,0,17.0,18.0,,
2024-06-23 01:50:32,1719103832.504445,26.0,19.0,0,17.0,18.0,,
2024-06-23 01:50:37,1719103837.511185,26.0,19.0,0,17.0,18.0,,
2024-06-23 01:50:42,1719103842.512993,26.0,19.0,0,17.0,18.0,,
2024-06-23 01:50:47,1719103847.509896,26.0,19.0,0,17.0,18.0,,
2024-06-23 01:50:52,1719103852.51397,26.0,19.0,0,17.0,18.0,,
2024-06-23 01:50:57,1719103857.509957,26.0,19.0,0,17.0,18.0,,
2024-06-23 01:51:02,1719103862.508222,26.0,19.0,0,17.0,18.0,,
2024-06-23 01:51:07,1719103867.515811,26.0,19.0,0,17.0,18.0,,
2024-06-23 01:51:12,1719103872.515876,26.0,19.0,0,17.0,18.0,,
2024-06-23 01:51:17,1719103877.511244,26.0,19.0,0,17.0,18.0,,
2024-06-23 01:51:22,1719103882.504827,26.0,19.0,0,17.0,18.0,,
2024-06-23 01:51:27,1719103887.500244,26.0,19.0,0,17.0,18.0,,
2024-06-23 01:51:32,1719103892.514817,26.0,19.0,0,17.0,18.0,,
2024-06-23 01:51:37,1719103897.50194,26.0,19.0,0,17.0,18.0,,
2024-06-23 01:51:42,1719103902.505973,26.0,19.0,0,17.0,18.0,,
2024-06-23 01:51:47,1719103907.501433,26.0,19.0,0,17.0,18.0,,
2024-06-23 01:51:52,1719103912.507232,26.0,19.0,0,17.0,18.0,,
2024-06-23 01:51:57,1719103917.506459,26.0,19.0,0,17.0,18.0,,
2024-06-23 01:52:02,1719103922.510741,26.0,19.0,0,17.0,18.0,,
2024-06-23 01:52:07,1719103927.502946,26.0,19.0,0,17.0,18.0,,
2024-06-23 01:52:12,1719103932.508066,26.0,19.0,0,17.0,18.0,,
2024-06-23 01:52:17,1719103937.510313,26.0,19.0,0,17.0,18.0,,
2024-06-23 01:52:22,1719103942.506793,26.0,19.0,0,17.0,18.0,,
2024-06-23 01:52:27,1719103947.512511,26.0,19.0,0,17.0,18.0,,
2024-06-23 01:52:32,1719103952.505017,26.0,19.0,0,17.0,18.0,,
2024-06-23 01:52:37,1719103957.506244,26.0,19.0,0,17.0,18.0,,
2024-06-23 01:52:42,1719103962.505989,26.0,19.0,0,17.0,18.0,,
2024-06-23 01:52:47,1719103967.502062,26.0,19.0,0,17.0,18.0,,
2024-06-23 01:52:52,1719103972.508694,26.0,19.0,0,17.0,18.0,,
2024-06-23 01:52:57,1719103977.500678,26.0,19.0,0,17.0,18.0,,
2024-06-23 01:53:02,1719103982.503319,26.0,19.0,0,17.0,18.0,,
2024-06-23 01:53:07,1719103987.502231,26.0,19.0,0,17.0,18.0,,
2024-06-23 01:53:12,1719103992.508722,26.0,19.0,0,17.0,18.0,,
2024-06-23 01:53:17,1719103997.510003,26.0,19.0,0,17.0,18.0,,
2024-06-23 01:53:22,1719104002.514551,26.0,19.0,0,17.0,18.0,,
2024-06-23 01:53:27,1719104007.504992,26.0,19.0,0,17.0,18.0,,
2024-06-23 01:53:32,1719104012.513718,26.0,19.0,0,17.0,18.0,,
2024-06-23 01:53:37,1719104017.514186,26.0,19.0,0,17.0,18.0,,
2024-06-23 01:53:42,1719104022.50284,26.0,19.0,0,17.0,18.0,,
2024-06-23 01:53:47,1719104027.511242,26.0,19.0,0,17.0,18.0,,
2024-06-23 01:53:52,1719104032.500787,26.0,19.0,0,17.0,18.0,,
2024-06-23 01:53:57,1719104037.512199,26.0,19.0,0,17.0,18.0,,
2024-06-23 01:54:02,1719104042.513147,26.0,19.0,0,17.0,18.0,,
2024-06-23 01:54:07,1719104047.507798,26.0,19.0,0,17.0,18.0,,
2024-06-23 01:54:12,1719104052.509416,26.0,19.0,0,17.0,18.0,,
2024-06-23 01:54:17,1719104057.501814,26.0,19.0,0,17.0,18.0,,
2024-06-23 01:54:22,1719104062.502422,26.0,19.0,0,17.0,18.0,,
2024-06-23 01:54:27,1719104067.510003,26.0,19.0,0,17.0,18.0,,
2024-06-23 12:44:44,1719143084.402834,26.0,19.0,0,17.0,18.0,,
2024-06-23 12:44:49,1719143089.387455,26.0,19.0,0,17.0,18.0,,
2024-06-23 12:44:54,1719143094.397277,26.0,19.0,0,17.0,18.0,,
2024-06-23 12:44:59,1719143099.384064,26.0,19.0,0,17.0,18.0,,
2024-06-23 12:45:04,1719143104.384974,26.0,19.0,0,17.0,18.0,,
2024-06-23 12:45:09,1719143109.384754,26.0,19.0,0,17.0,18.0,,
2024-06-23 12:45:14,1719143114.391747,26.0,19.0,0,17.0,18.0,,
2024-06-23 12:45:19,1719143119.390479,26.0,19.0,0,17.0,18.0,,
2024-06-23 12:45:24,1719143124.394801,26.0,19.0,0,17.0,18.0,,
2024-06-23 12:45:29,1719143129.392861,26.0,19.0,0,17.0,18.0,,
2024-06-23 12:45:34,1719143134.393172,26.0,19.0,0,17.0,18.0,,
2024-06-23 12:45:39,1719143139.398015,26.0,19.0,0,17.0,18.0,,
2024-06-23 12:45:44,1719143144.387538,26.0,19.0,0,17.0,18.0,,
2024-06-23 12:45:49,1719143149.388718,26.0,19.0,0,17.0,18.0,,
2024-06-23 12:45:54,1719143154.397831,26.0,19.0,0,17.0,18.0,,
2024-06-23 12:45:59,1719143159.384527,26.0,19.0,0,17.0,18.0,,
2024-06-23 12:46:04,1719143164.401367,26.0,19.0,0,17.0,18.0,,
2024-06-23 12:46:09,1719143169.399886,26.0,19.0,0,17.0,18.0,,
2024-06-23 12:46:14,1719143174.3957,26.0,19.0,0,17.0,18.0,,
2024-06-23 12:46:19,1719143179.395949,26.0,19.0,0,17.0,18.0,,
2024-06-23 12:46:24,1719143184.400911,26.0,19.0,0,17.0,18.0,,
2024-06-23 12:46:29,1719143189.399145,26.0,19.0,0,17.0,18.0,,
2024-06-23 12:46:34,1719143194.388717,26.0,19.0,0,17.0,18.0,,
2024-06-23 12:46:39,1719143199.38661,26.0,19.0,0,17.0,18.0,,
2024-06-23 12:46:44,1719143204.400507,26.0,19.0,0,17.0,18.0,,
2024-06-23 12:46:49,1719143209.397217,26.0,19.0,0,17.0,18.0,,
2024-06-23 12:46:54,1719143214.398534,26.0,19.0,0,17.0,18.0,,
2024-06-23 12:46:59,1719143219.396604,26.0,19.0,0,17.0,18.0,,
2024-06-23 12:47:04,1719143224.386116,26.0,19.0,0,17.0,18.0,,
2024-06-23 12:47:09,1719143229.385674,26.0,19.0,0,17.0,18.0,,
2024-06-23 12:47:14,1719143234.387221,26.0,19.0,0,17.0,18.0,,
2024-06-23 12:47:19,1719143239.391546,26.0,19.0,0,17.0,18.0,,
2024-06-23 12:47:24,1719143244.397311,26.0,19.0,0,17.0,18.0,,
2024-06-23 12:47:29,1719143249.396604,26.0,19.0,0,17.0,18.0,,
2024-06-23 12:47:34,1719143254.389567,26.0,19.0,0,17.0,18.0,,
2024-06-23 12:47:39,1719143259.390595,26.0,19.0,0,17.0,18.0,,
2024-06-23 12:47:44,1719143264.389054,26.0,19.0,0,17.0,18.0,,
2024-06-23 12:47:49,1719143269.389635,26.0,19.0,0,17.0,18.0,,
2024-06-23 12:47:54,1719143274.391283,26.0,19.0,0,17.0,18.0,,
2024-06-23 12:47:59,1719143279.39812,26.0,19.0,0,17.0,18.0,,
2024-06-23 12:48:04,1719143284.401455,26.0,19.0,0,17.0,18.0,,
2024-06-23 12:48:09,1719143289.383598,26.0,19.0,0,17.0,18.0,,
2024-06-23 12:48:14,1719143294.394608,26.0,19.0,0,17.0,18.0,,
2024-06-23 12:48:19,1719143299.39337,26.0,19.0,0,17.0,18.0,,
2024-06-23 12:48:24,1719143304.396918,26.0,19.0,0,17.0,18.0,,
2024-06-23 12:48:29,1719143309.394224,26.0,19.0,0,17.0,18.0,,
2024-06-23 12:48:34,1719143314.390215,26.0,19.0,0,17.0,18.0,,
2024-06-23 12:48:39,1719143319.399098,26.0,19.0,0,17.0,18.0,,
2024-06-23 12:48:44,1719143324.387786,26.0,19.0,0,17.0,18.0,,
2024-06-23 12:48:49,1719143329.395504,26.0,19.0,0,17.0,18.0,,
2024-06-23 12:48:54,1719143334.389961,26.0,19.0,0,17.0,18.0,,
2024-06-23 12:48:59,1719143339.396565,26.0,19.0,0,17.0,18.0,,
2024-06-23 12:49:04,1719143344.393046,26.0,19.0,0,17.0,18.0,,
2024-06-23 12:49:09,1719143349.396132,26.0,19.0,0,17.0,18.0,,
2024-06-23 12:49:14,1719143354.393286,26.0,19.0,0,17.0,18.0,,
2024-06-23 12:49:19,1719143359.396492,26.0,19.0,0,17.0,18.0,,
2024-06-23 12:49:24,1719143364.386978,26.0,19.0,0,17.0,18.0,,
2024-06-23 12:49:29,1719143369.386618,26.0,19.0,0,17.0,18.0,,
2024-06-23 12:49:34,1719143374.401814,26.0,19.0,0,17.0,18.0,,
2024-06-23 12:49:39,1719143379.399332,26.0,19.0,0,17.0,18.0,,
2024-06-23 12:49:44,1719143384.387131,26.0,19.0,0,17.0,18.0,,
2024-06-23 12:49:49,1719143389.392431,26.0,19.0,0,17.0,18.0,,
2024-06-23 12:49:54,1719143394.395782,26.0,19.0,0,17.0,18.0,,
2024-06-23 12:49:59,1719143399.39866,26.0,19.0,0,17.0,18.0,,
2024-06-23 12:50:04,1719143404.3888,26.0,19.0,0,17.0,18.0,,
2024-06-23 12:50:09,1719143409.391427,26.0,19.0,0,17.0,18.0,,
2024-06-23 12:50:14,1719143414.397959,26.0,19.0,0,17.0,18.0,,
2024-06-23 12:50:19,1719143419.38599,26.0,19.0,0,17.0,18.0,,
2024-06-23 12:50:24,1719143424.392321,26.0,19.0,0,17.0,18.0,,
2024-06-23 12:50:29,1719143429.384722,26.0,19.0,0,17.0,18.0,,
2024-06-23 12:50:34,1719143434.392121,26.0,19.0,0,17.0,18.0,,
2024-06-23 12:50:39,1719143439.394465,26.0,19.0,0,17.0,18.0,,
2024-06-23 12:50:44,1719143444.396256,26.0,19.0,0,17.0,18.0,,
2024-06-23 12:50:49,1719143449.40048,26.0,19.0,0,17.0,18.0,,
2024-06-23 12:50:54,1719143454.396939,26.0,19.0,0,17.0,18.0,,
2024-06-23 12:50:59,1719143459.393982,26.0,19.0,0,17.0,18.0,,
2024-06-23 12:51:04,1719143464.39439,26.0,19.0,0,17.0,18.0,,
2024-06-23 12:51:09,1719143469.392992,26.0,19.0,0,17.0,18.0,,
2024-06-23 12:51:14,1719143474.386765,26.0,19.0,0,17.0,18.0,,
2024-06-23 12:51:19,1719143479.393547,26.0,19.0,0,17.0,18.0,,
2024-06-23 12:51:24,1719143484.396984,26.0,19.0,0,17.0,18.0,,
2024-06-23 12:51:29,1719143489.388006,26.0,19.0,0,17.0,18.0,,
2024-06-23 12:51:34,1719143494.395877,26.0,19.0,0,17.0,18.0,,
2024-06-23 12:51:39,1719143499.387037,26.0,19.0,0,17.0,18.0,,
2024-06-23 12:51:44,1719143504.385228,26.0,19.0,0,17.0,18.0,,
2024-06-23 12:51:49,1719143509.396973,26.0,19.0,0,17.0,18.0,,
2024-06-23 12:51:54,1719143514.393242,26.0,19.0,0,17.0,18.0,,
2024-06-23 12:51:59,1719143519.386299,26.0,19.0,0,17.0,18.0,,
